Keyword,Location,Position
serpapi,United States,1
serpapi,Canada,1
serpapi,France,1
serpapi,United Kingdom,1
serpapi,Germany,1
serp api,United States,1
serp api,Canada,1
serp api,France,1
serp api,United Kingdom,1
serp api,Germany,1
Google Search API,United States,2
Google Search API,Canada,2
Google Search API,France,2
Google Search API,United Kingdom,2
Google Search API,Germany,2
Google Search Results API,United States,2
Google Search Results API,Canada,2
Google Search Results API,France,2
Google Search Results API,United Kingdom,2
Google Search Results API,Germany,2
Google Organic Results API,United States,1
Google Organic Results API,Canada,1
Google Organic Results API,France,1
Google Organic Results API,United Kingdom,1
Google Organic Results API,Germany,1
google serp api,United States,1
google serp api,Canada,1
google serp api,France,1
google serp api,United Kingdom,1
google serp api,Germany,1
serps api,United States,1
serps api,Canada,1
serps api,France,1
serps api,United Kingdom,1
serps api,Germany,1
Google Search Engine API,United States,3
Google Search Engine API,Canada,3
Google Search Engine API,France,3
Google Search Engine API,United Kingdom,3
Google Search Engine API,Germany,3
"Google Local Pack API ",United States,1
"Google Local Pack API ",Canada,1
"Google Local Pack API ",France,1
"Google Local Pack API ",United Kingdom,1
"Google Local Pack API ",Germany,1
Knowledge Graph API,United States,6
Knowledge Graph API,Canada,6
Knowledge Graph API,France,6
Knowledge Graph API,United Kingdom,6
Knowledge Graph API,Germany,6
Google Results API,United States,2
Google Results API,Canada,2
Google Results API,France,2
Google Results API,United Kingdom,2
Google Results API,Germany,2
Search Results API,United States,2
Search Results API,Canada,2
Search Results API,France,2
Search Results API,United Kingdom,2
Search Results API,Germany,2
Google News Results API,United States,1
Google News Results API,Canada,1
Google News Results API,France,1
Google News Results API,United Kingdom,1
Google News Results API,Germany,1
Google News API,United States,2
Google News API,Canada,2
Google News API,France,2
Google News API,United Kingdom,2
Google News API,Germany,2
News Results API,United States,5
News Results API,Canada,3
News Results API,France,3
News Results API,United Kingdom,3
News Results API,Germany,3
Search API,United States,2
Search API,Canada,2
Search API,France,2
Search API,United Kingdom,2
Search API,Germany,2
Google Shopping Results API,United States,1
Google Shopping Results API,Canada,1
Google Shopping Results API,France,1
Google Shopping Results API,United Kingdom,1
Google Shopping Results API,Germany,1
Google Shopping API,United States,3
Google Shopping API,Canada,3
Google Shopping API,France,3
Google Shopping API,United Kingdom,3
Google Shopping API,Germany,3
Shopping Results API,United States,1
Shopping Results API,Canada,1
Shopping Results API,France,1
Shopping Results API,United Kingdom,1
Shopping Results API,Germany,1
Images Results API,United States,1
Images Results API,Canada,1
Images Results API,France,1
Images Results API,United Kingdom,1
Images Results API,Germany,1
Google Images API,United States,2
Google Images API,Canada,2
Google Images API,France,2
Google Images API,United Kingdom,2
Google Images API,Germany,2
Google Images Results API,United States,1
Google Images Results API,Canada,1
Google Images Results API,France,1
Google Images Results API,United Kingdom,1
Google Images Results API,Germany,1
Scrape Google Images,United States,6
Scrape Google Images,Canada,6
Scrape Google Images,France,7
Scrape Google Images,United Kingdom,7
Scrape Google Images,Germany,6
Scrape Images Results,United States,4
Scrape Images Results,Canada,4
Scrape Images Results,France,4
Scrape Images Results,United Kingdom,4
Scrape Images Results,Germany,5
Scrape Google Search,United States,9
Scrape Google Search,Canada,9
Scrape Google Search,France,9
Scrape Google Search,United Kingdom,9
Scrape Google Search,Germany,9
Scrape Google Results,United States,10
Scrape Google Results,Canada,10
Scrape Google Results,France,10
Scrape Google Results,United Kingdom,10
Scrape Google Results,Germany,10
google scrape api,United States,1
Google Product Results API,United States,1
Google Product Results API,Canada,1
Google Product Results API,France,1
Google Product Results API,United Kingdom,1
Google Product Results API,Germany,1
Google Product API,United States,3
Google Product API,Canada,3
Google Product API,France,3
Google Product API,United Kingdom,3
Google Product API,Germany,3
Scrape Google Product,United States,14
Scrape Google Product,Canada,14
Scrape Google Product,France,15
Scrape Google Product,United Kingdom,11
Scrape Google Product,Germany,11
Scrape Google Product Page,United States,15
Scrape Google Product Page,Canada,15
Scrape Google Product Page,France,12
Scrape Google Product Page,United Kingdom,15
Scrape Google Product Page,Germany,14
Google Product Page API,United States,3
Google Product Page API,Canada,3
Google Product Page API,France,3
Google Product Page API,United Kingdom,3
Google Product Page API,Germany,3
Google Reviews Results API,United States,4
Google Reviews Results API,Canada,4
Google Reviews Results API,France,4
Google Reviews Results API,United Kingdom,4
Google Reviews Results API,Germany,4
Google Reviews API,United States,6
Google Reviews API,Canada,6
Google Reviews API,France,6
Google Reviews API,United Kingdom,6
Google Reviews API,Germany,5
Google Product Reviews API,United States,6
Google Product Reviews API,Canada,7
Google Product Reviews API,France,7
Google Product Reviews API,United Kingdom,7
Google Product Reviews API,Germany,7
Scrape Google Reviews,United States,29
Scrape Google Reviews,Canada,29
Scrape Google Reviews,France,29
Scrape Google Reviews,United Kingdom,27
Scrape Google Reviews,Germany,29
Scrape Google Product Reviews,United States,14
Scrape Google Product Reviews,Canada,14
Scrape Google Product Reviews,France,15
Scrape Google Product Reviews,United Kingdom,16
Scrape Google Product Reviews,Germany,14
Google Product Information API,United States,3
Google Product Information API,Canada,3
Google Product Information API,France,3
Google Product Information API,United Kingdom,3
Google Product Information API,Germany,3
Scrape Product Information,United States,
Scrape Product Information,Canada,
Scrape Product Information,France,
Scrape Product Information,United Kingdom,
Scrape Product Information,Germany,
Google Online Sellers API,United States,2
Google Online Sellers API,Canada,2
Google Online Sellers API,France,2
Google Online Sellers API,United Kingdom,2
Google Online Sellers API,Germany,2
Google Local Sellers API,United States,2
Google Local Sellers API,Canada,2
Google Local Sellers API,France,2
Google Local Sellers API,United Kingdom,2
Google Local Sellers API,Germany,2
Google Sellers API,United States,6
Google Sellers API,Canada,6
Google Sellers API,France,6
Google Sellers API,United Kingdom,7
Google Sellers API,Germany,6
Scrape Google Sellers,United States,4
Scrape Google Sellers,Canada,4
Scrape Google Sellers,France,5
Scrape Google Sellers,United Kingdom,4
Scrape Google Sellers,Germany,4
Scrape Google Product Sellers,United States,12
Scrape Google Product Sellers,Canada,10
Scrape Google Product Sellers,France,13
Scrape Google Product Sellers,United Kingdom,12
Scrape Google Product Sellers,Germany,13
Google Product Sellers API,United States,3
Google Product Sellers API,Canada,3
Google Product Sellers API,France,3
Google Product Sellers API,United Kingdom,3
Google Product Sellers API,Germany,3
Scrape Google Local Sellers,United States,1
Scrape Google Local Sellers,Canada,2
Scrape Google Local Sellers,France,2
Scrape Google Local Sellers,United Kingdom,1
Scrape Google Local Sellers,Germany,2
Scrape Google Online Sellers,United States,10
Scrape Google Online Sellers,Canada,10
Scrape Google Online Sellers,France,12
Scrape Google Online Sellers,United Kingdom,10
Scrape Google Online Sellers,Germany,10
Bing Search API,United States,5
Bing Search API,Canada,5
Bing Search API,France,5
Bing Search API,United Kingdom,5
Bing Search API,Germany,5
Bing Search Engine API,United States,5
Bing Search Engine API,Canada,5
Bing Search Engine API,France,5
Bing Search Engine API,United Kingdom,5
Bing Search Engine API,Germany,5
Bing Search Engine Results API,United States,3
Bing Search Engine Results API,Canada,2
Bing Search Engine Results API,France,3
Bing Search Engine Results API,United Kingdom,3
Bing Search Engine Results API,Germany,3
Scrape Bing search,United States,8
Scrape Bing search,Canada,8
Scrape Bing search,France,8
Scrape Bing search,United Kingdom,8
Scrape Bing search,Germany,8
Scrape Bing search results,United States,7
Scrape Bing search results,Canada,7
Scrape Bing search results,France,7
Scrape Bing search results,United Kingdom,7
Scrape Bing search results,Germany,7
Bing Organic Results API,United States,1
Bing Organic Results API,Canada,1
Bing Organic Results API,France,1
Bing Organic Results API,United Kingdom,1
Bing Organic Results API,Germany,1
Scrape Bing Organic Results,United States,1
Scrape Bing Organic Results,Canada,1
Scrape Bing Organic Results,France,1
Scrape Bing Organic Results,United Kingdom,1
Bing Ad Results API,United States,2
Bing Ad Results API,Canada,3
Bing Ad Results API,France,3
Bing Ad Results API,United Kingdom,3
Bing Ad Results API,Germany,3
Scrape Bing Ad Results,United States,2
Scrape Bing Ad Results,Canada,2
Scrape Bing Ad Results,France,2
Scrape Bing Ad Results,United Kingdom,2
Scrape Bing Ad Results,Germany,2
Bing Knowledge Graph API,United States,3
Bing Knowledge Graph API,Canada,3
Bing Knowledge Graph API,France,3
Bing Knowledge Graph API,United Kingdom,3
Bing Knowledge Graph API,Germany,3
Scrape Bing Knowledge Graph,United States,1
Scrape Bing Knowledge Graph,Canada,1
Scrape Bing Knowledge Graph,France,1
Scrape Bing Knowledge Graph,United Kingdom,1
Scrape Bing Knowledge Graph,Germany,1
Google Spelling Check API,United States,1
Google Spelling Check API,Canada,1
Google Spelling Check API,France,1
Google Spelling Check API,United Kingdom,1
Google Spelling Check API,Germany,1
Google Spell Check API,United States,1
Google Spell Check API,Canada,1
Google Spell Check API,France,1
Google Spell Check API,United Kingdom,1
Google Spell Check API,Germany,1
Spell Check API,United States,7
Spell Check API,Canada,7
Spell Check API,France,7
Spell Check API,United Kingdom,7
Spell Check API,Germany,7
Google Scholar API,United States,1
Google Scholar API,Canada,1
Google Scholar API,France,1
Google Scholar API,United Kingdom,1
Google Scholar API,Germany,1
Scrape Google Scholar,United States,5
Scrape Google Scholar,Canada,5
Scrape Google Scholar,France,5
Scrape Google Scholar,United Kingdom,5
Scrape Google Scholar,Germany,5
google image search api,United States,2
google image search api,Canada,2
google image search api,France,2
google image search api,United Kingdom,2
google image search api,Germany,2
google sports api,United States,1
google sports api,Canada,1
google sports api,France,1
google sports api,United Kingdom,1
google sports api,Germany,1
Ebay Organic Results API,United States,1
Ebay Organic Results API,Canada,1
Ebay Organic Results API,France,1
Ebay Organic Results API,United Kingdom,1
Ebay Organic Results API,Germany,1
Ebay Related Items API,United States,5
Ebay Related Items API,Canada,3
Ebay Related Items API,France,3
Ebay Related Items API,United Kingdom,3
Ebay Related Items API,Germany,3
Ebay Related Searches API,United States,4
Ebay Related Searches API,Canada,4
Ebay Related Searches API,France,4
Ebay Related Searches API,United Kingdom,4
Ebay Related Searches API,Germany,4
Ebay Search Engine Results API,United States,1
Ebay Search Engine Results API,Canada,1
Ebay Search Engine Results API,France,1
Ebay Search Engine Results API,United Kingdom,1
Ebay Search Engine Results API,Germany,1
Google Direct Answer Box API,United States,5
Google Direct Answer Box API,Canada,5
Google Direct Answer Box API,France,5
Google Direct Answer Box API,United Kingdom,5
Google Direct Answer Box API,Germany,1
Google Events Engine Results API,United States,1
Google Events Engine Results API,Canada,1
Google Events Engine Results API,France,1
Google Events Engine Results API,United Kingdom,1
Google Events Engine Results API,Germany,1
Google Maps API,United States,7
Google Maps API,Canada,7
Google Maps API,France,7
Google Maps API,United Kingdom,7
Google Maps API,Germany,7
Google Maps Local Results API,United States,3
Google Maps Local Results API,Canada,3
Google Maps Local Results API,France,
Google Maps Local Results API,United Kingdom,3
Google Maps Local Results API,Germany,3
Google Maps Place Results API,United States,3
Google Maps Place Results API,Canada,3
Google Maps Place Results API,France,3
Google Maps Place Results API,United Kingdom,3
Google Maps Place Results API,Germany,3
Google Related Questions API,United States,1
Google Related Questions API,Canada,1
Google Related Questions API,France,1
Google Related Questions API,United Kingdom,1
Google Related Questions API,Germany,1
Google Related Searches API,United States,1
Google Related Searches API,Canada,1
Google Related Searches API,France,1
Google Related Searches API,United Kingdom,1
Google Related Searches API,Germany,1
Google Reverse Image API,United States,1
Google Reverse Image API,Canada,1
Google Reverse Image API,France,1
Google Reverse Image API,United Kingdom,1
Google Reverse Image API,Germany,1
Google Inline Images API,United States,2
Google Inline Images API,Canada,2
Google Inline Images API,France,2
Google Inline Images API,United Kingdom,1
Google Inline Images API,Germany,2
Google Inline Shopping API,United States,3
Google Inline Shopping API,Canada,3
Google Inline Shopping API,France,3
Google Inline Shopping API,United Kingdom,3
Google Inline Shopping API,Germany,3
Google Jobs Results API,United States,2
Google Jobs Results API,Canada,2
Google Jobs Results API,France,1
Google Jobs Results API,United Kingdom,2
Google Jobs Results API,Germany,2
Google Knowledge Graph API,United States,5
Google Knowledge Graph API,Canada,5
Google Knowledge Graph API,France,5
Google Knowledge Graph API,United Kingdom,5
Google Knowledge Graph API,Germany,5
Google Local Pack API,United States,1
Google Local Pack API,Canada,1
Google Local Pack API,France,1
Google Local Pack API,United Kingdom,1
Google Local Pack API,Germany,1
Google Local Places Results API,United States,3
Google Local Places Results API,Canada,3
Google Local Places Results API,France,3
Google Local Places Results API,United Kingdom,3
Google Local Places Results API,Germany,3
scrape google local results,United States,1
Baidu Organic Results API,United States,2
Baidu Organic Results API,Canada,2
Baidu Organic Results API,France,3
Baidu Organic Results API,United Kingdom,3
Baidu Organic Results API,Germany,3
Baidu Search Engine Results API,United States,1
Baidu Search Engine Results API,Canada,1
Baidu Search Engine Results API,France,1
Baidu Search Engine Results API,United Kingdom,1
Baidu Search Engine Results API,Germany,1
Google Scholar Cite API,United States,1
Google Scholar Cite API,Canada,1
Google Scholar Cite API,France,1
Google Scholar Cite API,United Kingdom,1
Google Scholar Cite API,Germany,1
Google Scholar Organic Results API,United States,1
Google Scholar Organic Results API,Canada,1
Google Scholar Organic Results API,France,1
Google Scholar Organic Results API,United Kingdom,1
Google Scholar Organic Results API,Germany,1
Google Search Engine Results API,United States,2
Google Search Engine Results API,Canada,2
Google Search Engine Results API,France,2
Google Search Engine Results API,United Kingdom,2
Google Search Engine Results API,Germany,2
Google Top Carousel API,United States,3
Google Top Carousel API,Canada,5
Google Top Carousel API,France,5
Google Top Carousel API,United Kingdom,4
Google Top Carousel API,Germany,3
Google Top Stories API,United States,1
Google Top Stories API,Canada,1
Google Top Stories API,France,1
Google Top Stories API,United Kingdom,1
Google Top Stories API,Germany,1
Google Twitter Results API,United States,8
Google Twitter Results API,Canada,1
Google Twitter Results API,France,1
Google Twitter Results API,United Kingdom,1
Google Twitter Results API,Germany,1
Google Video Results API,United States,1
Google Video Results API,Canada,1
Google Video Results API,France,1
Google Video Results API,United Kingdom,1
Google Video Results API,Germany,1
Yahoo! Ad Results API,United States,10
Yahoo! Ad Results API,Canada,10
Yahoo! Ad Results API,France,10
Yahoo! Ad Results API,United Kingdom,10
Yahoo! Ad Results API,Germany,11
Yahoo! Local Pack API,United States,1
Yahoo! Local Pack API,Canada,1
Yahoo! Local Pack API,France,1
Yahoo! Local Pack API,United Kingdom,1
Yahoo! Local Pack API,Germany,1
Yahoo! Organic Results API,United States,1
Yahoo! Organic Results API,Canada,1
Yahoo! Organic Results API,France,1
Yahoo! Organic Results API,United Kingdom,1
Yahoo! Organic Results API,Germany,1
Yahoo! Related Questions API,United States,1
Yahoo! Related Questions API,Canada,1
Yahoo! Related Questions API,France,1
Yahoo! Related Questions API,United Kingdom,1
Yahoo! Related Questions API,Germany,1
Yahoo! Related Searches API,United States,1
Yahoo! Related Searches API,Canada,1
Yahoo! Related Searches API,France,1
Yahoo! Related Searches API,United Kingdom,1
Yahoo! Related Searches API,Germany,1
Yahoo! Search Engine Results API,United States,1
Yahoo! Search Engine Results API,Canada,1
Yahoo! Search Engine Results API,France,1
Yahoo! Search Engine Results API,United Kingdom,1
Yahoo! Search Engine Results API,Germany,1
Yahoo! Trending Searches API,United States,1
Yahoo! Trending Searches API,Canada,1
Yahoo! Trending Searches API,France,1
Yahoo! Trending Searches API,United Kingdom,1
Yahoo! Trending Searches API,Germany,1
Yandex Inline Images Results API,United States,1
Yandex Inline Images Results API,Canada,1
Yandex Inline Images Results API,France,1
Yandex Inline Images Results API,United Kingdom,1
Yandex Inline Images Results API,Germany,1
Yandex Inline Videos API,United States,1
Yandex Inline Videos API,Canada,1
Yandex Inline Videos API,France,1
Yandex Inline Videos API,United Kingdom,1
Yandex Inline Videos API,Germany,1
Yandex Knowledge Graph API,United States,1
Yandex Knowledge Graph API,Canada,1
Yandex Knowledge Graph API,France,1
Yandex Knowledge Graph API,United Kingdom,1
Yandex Knowledge Graph API,Germany,1
Yandex Organic Results API,United States,1
Yandex Organic Results API,Canada,1
Yandex Organic Results API,France,1
Yandex Organic Results API,United Kingdom,1
Yandex Organic Results API,Germany,1
Yandex Search Engine Results API,United States,2
Yandex Search Engine Results API,Canada,2
Yandex Search Engine Results API,France,2
Yandex Search Engine Results API,United Kingdom,2
Yandex Search Engine Results API,Germany,2
Yandex Spell Check API,United States,1
Yandex Spell Check API,Canada,1
Yandex Spell Check API,France,1
Yandex Spell Check API,United Kingdom,1
Yandex Spell Check API,Germany,1
YouTube Ad Results API,United States,3
YouTube Ad Results API,Canada,3
YouTube Ad Results API,France,3
YouTube Ad Results API,United Kingdom,3
YouTube Ad Results API,Germany,3
YouTube Categorie Results API,United States,3
YouTube Categorie Results API,Canada,3
YouTube Categorie Results API,France,3
YouTube Categorie Results API,United Kingdom,3
YouTube Categorie Results API,Germany,3
YouTube Channel Results API,United States,3
YouTube Channel Results API,Canada,3
YouTube Channel Results API,France,3
YouTube Channel Results API,United Kingdom,3
YouTube Channel Results API,Germany,3
YouTube Movie Results API,United States,3
YouTube Movie Results API,Canada,3
YouTube Movie Results API,France,3
YouTube Movie Results API,United Kingdom,3
YouTube Movie Results API,Germany,2
YouTube Playlist Results API,United States,3
YouTube Playlist Results API,Canada,3
YouTube Playlist Results API,France,3
YouTube Playlist Results API,United Kingdom,3
YouTube Playlist Results API,Germany,3
YouTube Related Searches API,United States,3
YouTube Related Searches API,Canada,3
YouTube Related Searches API,France,3
YouTube Related Searches API,United Kingdom,3
YouTube Related Searches API,Germany,3
YouTube Search Engine Results API,United States,2
YouTube Search Engine Results API,Canada,2
YouTube Search Engine Results API,France,2
YouTube Search Engine Results API,United Kingdom,2
YouTube Search Engine Results API,Germany,2
YouTube Video Results API,United States,6
YouTube Video Results API,Canada,6
YouTube Video Results API,France,6
YouTube Video Results API,United Kingdom,7
YouTube Video Results API,Germany,7
Bing Local Pack API,United States,1
Bing Local Pack API,Canada,1
Bing Local Pack API,France,1
Bing Local Pack API,United Kingdom,1
Bing Local Pack API,Germany,1
Bing Related Questions API,United States,1
Bing Related Questions API,Canada,1
Bing Related Questions API,France,1
Bing Related Questions API,United Kingdom,1
Bing Related Questions API,Germany,1
Bing Related Searches API,United States,6
Bing Related Searches API,Canada,6
Bing Related Searches API,France,5
Bing Related Searches API,United Kingdom,5
Bing Related Searches API,Germany,7
Google Events Results API,United States,1
Google Events Results API,Canada,1
Google Events Results API,France,1
Google Events Results API,United Kingdom,1
Google Events Results API,Germany,1
Google News Result API,United States,1
Google News Result API,Canada,1
Google News Result API,France,1
Google News Result API,United Kingdom,1
Google News Result API,Germany,1
Google Specs Results API,United States,1
Google Specs Results API,Canada,1
Google Specs Results API,France,1
Google Specs Results API,United Kingdom,1
Google Specs Results API,Germany,1
Scrape Baidu Organic Results,United States,2
Scrape Baidu Organic Results,Canada,2
Scrape Baidu Organic Results,France,2
Scrape Baidu Organic Results,United Kingdom,2
Scrape Baidu Organic Results,Germany,2
Scrape Baidu Search Results,United States,4
Scrape Baidu Search Results,Canada,6
Scrape Baidu Search Results,France,3
Scrape Baidu Search Results,United Kingdom,3
Scrape Baidu Search Results,Germany,3
Scrape Bing Local Pack,United States,1
Scrape Bing Local Pack,Canada,1
Scrape Bing Local Pack,France,1
Scrape Bing Local Pack,United Kingdom,1
Scrape Bing Local Pack,Germany,1
Scrape Bing Related Questions,United States,1
Scrape Bing Related Questions,Canada,1
Scrape Bing Related Questions,France,1
Scrape Bing Related Questions,United Kingdom,1
Scrape Bing Related Questions,Germany,1
Scrape Bing Related Searches,United States,9
Scrape Bing Related Searches,Canada,9
Scrape Bing Related Searches,France,9
Scrape Bing Related Searches,United Kingdom,9
Scrape Bing Related Searches,Germany,9
Scrape Ebay Organic Results,United States,1
Scrape Ebay Organic Results,Canada,1
Scrape Ebay Organic Results,France,1
Scrape Ebay Organic Results,United Kingdom,1
Scrape Ebay Organic Results,Germany,1
Scrape Ebay Related Items,United States,68
Scrape Ebay Related Items,Canada,68
Scrape Ebay Related Items,France,68
Scrape Ebay Related Items,United Kingdom,68
Scrape Ebay Related Items,Germany,66
Scrape Ebay Related Searches,United States,8
Scrape Ebay Related Searches,Canada,10
Scrape Ebay Related Searches,France,10
Scrape Ebay Related Searches,United Kingdom,8
Scrape Ebay Related Searches,Germany,10
Scrape Ebay Search Results,United States,14
Scrape Ebay Search Results,Canada,12
Scrape Ebay Search Results,France,12
Scrape Ebay Search Results,United Kingdom,14
Scrape Ebay Search Results,Germany,12
Scrape Google Direct Answer Box,United States,1
Scrape Google Direct Answer Box,Canada,1
Scrape Google Direct Answer Box,France,1
Scrape Google Direct Answer Box,United Kingdom,1
Scrape Google Direct Answer Box,Germany,1
Scrape Google Events Results,United States,3
Scrape Google Events Results,Canada,3
Scrape Google Events Results,France,3
Scrape Google Events Results,United Kingdom,4
Scrape Google Events Results,Germany,4
Scrape Google Events Results,United States,3
Scrape Google Events Results,Canada,3
Scrape Google Events Results,France,3
Scrape Google Events Results,United Kingdom,4
Scrape Google Events Results,Germany,4
Scrape Google Inline Images,United States,1
Scrape Google Inline Images,Canada,1
Scrape Google Inline Images,France,1
Scrape Google Inline Images,United Kingdom,1
Scrape Google Inline Images,Germany,1
Scrape Google Inline Shopping,United States,11
Scrape Google Inline Shopping,Canada,9
Scrape Google Inline Shopping,France,12
Scrape Google Inline Shopping,United Kingdom,9
Scrape Google Inline Shopping,Germany,11
Scrape Google Jobs Results,United States,9
Scrape Google Jobs Results,Canada,6
Scrape Google Jobs Results,France,9
Scrape Google Jobs Results,United Kingdom,9
Scrape Google Jobs Results,Germany,9
Scrape Google Knowledge Graph,United States,1
Scrape Google Knowledge Graph,Canada,1
Scrape Google Knowledge Graph,France,1
Scrape Google Knowledge Graph,United Kingdom,1
Scrape Google Knowledge Graph,Germany,1
Scrape Google Local Pack,United States,1
Scrape Google Local Pack,Canada,1
Scrape Google Local Pack,France,1
Scrape Google Local Pack,United Kingdom,1
Scrape Google Local Pack,Germany,1
Scrape Google Local Pack,United States,1
Scrape Google Local Pack,Canada,1
Scrape Google Local Pack,France,1
Scrape Google Local Pack,United Kingdom,1
Scrape Google Local Pack,Germany,1
Scrape Google Local Places Results,United States,1
Scrape Google Local Places Results,Canada,1
Scrape Google Local Places Results,France,1
Scrape Google Local Places Results,United Kingdom,1
Scrape Google Local Places Results,Germany,1
Scrape Google Maps,United States,25
Scrape Google Maps,Canada,25
Scrape Google Maps,France,25
Scrape Google Maps,United Kingdom,25
Scrape Google Maps,Germany,25
Scrape Google Maps Local Results,United States,1
Scrape Google Maps Local Results,Canada,1
Scrape Google Maps Local Results,France,1
Scrape Google Maps Local Results,United Kingdom,1
Scrape Google Maps Local Results,Germany,1
Scrape Google Maps Place Results,United States,7
Scrape Google Maps Place Results,Canada,7
Scrape Google Maps Place Results,France,7
Scrape Google Maps Place Results,United Kingdom,7
Scrape Google Maps Place Results,Germany,7
scrape google maps search results,Germany,21
Scrape Google News,United States,8
Scrape Google News,Canada,8
Scrape Google News,France,8
Scrape Google News,United Kingdom,8
Scrape Google News,Germany,8
Scrape Google News Results,United States,3
Scrape Google News Results,Canada,1
Scrape Google News Results,France,3
Scrape Google News Results,United Kingdom,4
Scrape Google News Results,Germany,4
Scrape Google Related Questions,United States,5
Scrape Google Related Questions,Canada,5
Scrape Google Related Questions,France,5
Scrape Google Related Questions,United Kingdom,5
Scrape Google Related Questions,Germany,5
Scrape Google Related Searches,United States,13
Scrape Google Related Searches,Canada,12
Scrape Google Related Searches,France,11
Scrape Google Related Searches,United Kingdom,13
Scrape Google Related Searches,Germany,14
Scrape Google Reverse Image,United States,1
Scrape Google Reverse Image,Canada,1
Scrape Google Reverse Image,France,1
Scrape Google Reverse Image,United Kingdom,1
Scrape Google Reverse Image,Germany,1
Scrape Google Scholar Cite,United States,6
Scrape Google Scholar Cite,Canada,6
Scrape Google Scholar Cite,France,6
Scrape Google Scholar Cite,United Kingdom,6
Scrape Google Scholar Cite,Germany,6
Scrape Google Shopping,United States,13
Scrape Google Shopping,Canada,13
Scrape Google Shopping,France,13
Scrape Google Shopping,United Kingdom,13
Scrape Google Shopping,Germany,13
Scrape Google Shopping Results,United States,8
Scrape Google Shopping Results,Canada,7
Scrape Google Shopping Results,France,7
Scrape Google Shopping Results,United Kingdom,7
Scrape Google Shopping Results,Germany,7
Scrape Google Specs Results,United States,7
Scrape Google Specs Results,Canada,7
Scrape Google Specs Results,France,7
Scrape Google Specs Results,United Kingdom,7
Scrape Google Specs Results,Germany,7
Scrape Google Spell Check,United States,10
Scrape Google Spell Check,Canada,11
Scrape Google Spell Check,France,10
Scrape Google Spell Check,United Kingdom,11
Scrape Google Spell Check,Germany,11
Scrape Google Spelling Check,United States,8
Scrape Google Spelling Check,Canada,8
Scrape Google Spelling Check,France,4
Scrape Google Spelling Check,United Kingdom,8
Scrape Google Spelling Check,Germany,8
Scrape Google Top Carousel,United States,1
Scrape Google Top Carousel,Canada,1
Scrape Google Top Carousel,France,1
Scrape Google Top Carousel,United Kingdom,1
Scrape Google Top Carousel,Germany,1
Scrape Google Top Stories,United States,10
Scrape Google Top Stories,Canada,10
Scrape Google Top Stories,France,11
Scrape Google Top Stories,United Kingdom,10
Scrape Google Top Stories,Germany,10
Scrape Google Twitter Results,United States,1
Scrape Google Twitter Results,Canada,1
Scrape Google Twitter Results,France,1
Scrape Google Twitter Results,United Kingdom,1
Scrape Google Twitter Results,Germany,1
Scrape Google Video Results,United States,3
Scrape Google Video Results,Canada,3
Scrape Google Video Results,France,3
Scrape Google Video Results,United Kingdom,3
Scrape Google Video Results,Germany,3
Scrape Yahoo! Ad Results,United States,1
Scrape Yahoo! Ad Results,Canada,1
Scrape Yahoo! Ad Results,France,1
Scrape Yahoo! Ad Results,United Kingdom,1
Scrape Yahoo! Ad Results,Germany,1
Scrape Yahoo! Local Pack,United States,1
Scrape Yahoo! Local Pack,Canada,1
Scrape Yahoo! Local Pack,France,1
Scrape Yahoo! Local Pack,United Kingdom,1
Scrape Yahoo! Local Pack,Germany,1
Scrape Yahoo! Organic Results,United States,1
Scrape Yahoo! Organic Results,Canada,1
Scrape Yahoo! Organic Results,France,1
Scrape Yahoo! Organic Results,United Kingdom,1
Scrape Yahoo! Organic Results,Germany,1
Scrape Yahoo! Related Questions,United States,3
Scrape Yahoo! Related Questions,Canada,3
Scrape Yahoo! Related Questions,France,3
Scrape Yahoo! Related Questions,United Kingdom,3
Scrape Yahoo! Related Questions,Germany,3
Scrape Yahoo! Related Searches,United States,4
Scrape Yahoo! Related Searches,Canada,4
Scrape Yahoo! Related Searches,France,4
Scrape Yahoo! Related Searches,United Kingdom,4
Scrape Yahoo! Related Searches,Germany,4
Scrape Yahoo! Search Results,United States,5
Scrape Yahoo! Search Results,Canada,5
Scrape Yahoo! Search Results,France,5
Scrape Yahoo! Search Results,United Kingdom,5
Scrape Yahoo! Search Results,Germany,5
Scrape Yahoo! Trending Searches,United States,1
Scrape Yahoo! Trending Searches,Canada,1
Scrape Yahoo! Trending Searches,France,1
Scrape Yahoo! Trending Searches,United Kingdom,1
Scrape Yahoo! Trending Searches,Germany,1
Scrape Yandex Inline Images Results,United States,1
Scrape Yandex Inline Images Results,Canada,1
Scrape Yandex Inline Images Results,France,1
Scrape Yandex Inline Images Results,United Kingdom,1
Scrape Yandex Inline Images Results,Germany,1
Scrape Yandex Inline Videos,United States,2
Scrape Yandex Inline Videos,Canada,2
Scrape Yandex Inline Videos,France,2
Scrape Yandex Inline Videos,United Kingdom,2
Scrape Yandex Inline Videos,Germany,2
Scrape Yandex Knowledge Graph,United States,1
Scrape Yandex Knowledge Graph,Canada,1
Scrape Yandex Knowledge Graph,France,1
Scrape Yandex Knowledge Graph,United Kingdom,1
Scrape Yandex Knowledge Graph,Germany,1
Scrape Yandex Organic Results,United States,2
Scrape Yandex Organic Results,Canada,2
Scrape Yandex Organic Results,France,2
Scrape Yandex Organic Results,United Kingdom,2
Scrape Yandex Organic Results,Germany,2
Scrape Yandex Search Results,United States,4
Scrape Yandex Search Results,Canada,4
Scrape Yandex Search Results,France,4
Scrape Yandex Search Results,United Kingdom,4
Scrape Yandex Search Results,Germany,4
Scrape Yandex Spell Check,United States,1
Scrape Yandex Spell Check,Canada,1
Scrape Yandex Spell Check,France,1
Scrape Yandex Spell Check,United Kingdom,1
Scrape Yandex Spell Check,Germany,1
Scrape YouTube Ad Results,United States,3
Scrape YouTube Ad Results,Canada,3
Scrape YouTube Ad Results,France,3
Scrape YouTube Ad Results,United Kingdom,3
Scrape YouTube Ad Results,Germany,3
Scrape YouTube Categorie Results,United States,5
Scrape YouTube Categorie Results,Canada,6
Scrape YouTube Categorie Results,France,5
Scrape YouTube Categorie Results,United Kingdom,5
Scrape YouTube Categorie Results,Germany,6
Scrape YouTube Channel Results,United States,6
Scrape YouTube Channel Results,Canada,6
Scrape YouTube Channel Results,France,6
Scrape YouTube Channel Results,United Kingdom,6
Scrape YouTube Channel Results,Germany,6
Scrape YouTube Movie Results,United States,3
Scrape YouTube Movie Results,Canada,3
Scrape YouTube Movie Results,France,2
Scrape YouTube Movie Results,United Kingdom,2
Scrape YouTube Movie Results,Germany,2
Scrape YouTube Playlist Results,United States,8
Scrape YouTube Playlist Results,Canada,8
Scrape YouTube Playlist Results,France,8
Scrape YouTube Playlist Results,United Kingdom,8
Scrape YouTube Playlist Results,Germany,8
Scrape YouTube Related Searches,United States,9
Scrape YouTube Related Searches,Canada,9
Scrape YouTube Related Searches,France,9
Scrape YouTube Related Searches,United Kingdom,9
Scrape YouTube Related Searches,Germany,9
Scrape YouTube Search Results,United States,4
Scrape YouTube Search Results,Canada,4
Scrape YouTube Search Results,France,4
Scrape YouTube Search Results,United Kingdom,4
Scrape YouTube Search Results,Germany,4
Scrape YouTube Video Results,United States,1
Scrape YouTube Video Results,Canada,1
Scrape YouTube Video Results,France,1
Scrape YouTube Video Results,United Kingdom,1
Scrape YouTube Video Results,Germany,1
Google Autocomplete API,United States,3
Google Autocomplete API,Canada,3
Google Autocomplete API,France,3
Google Autocomplete API,United Kingdom,3
Google Autocomplete API,Germany,3
Scrape Google Autocomplete,United States,2
Scrape Google Autocomplete,Canada,1
Scrape Google Autocomplete,France,2
Scrape Google Autocomplete,United Kingdom,1
Scrape Google Autocomplete,Germany,2
Google Jobs Listing Results API,United States,1
Google Jobs Listing Results API,Canada,1
Google Jobs Listing Results API,France,1
Google Jobs Listing Results API,United Kingdom,1
Google Jobs Listing Results API,Germany,1
Google Jobs Listing API,United States,3
Google Jobs Listing API,Canada,3
Google Jobs Listing API,France,3
Google Jobs Listing API,United Kingdom,2
Google Jobs Listing API,Germany,3
Scrape Google Jobs Listing,United States,13
Scrape Google Jobs Listing,Canada,13
Scrape Google Jobs Listing,France,12
Scrape Google Jobs Listing,United Kingdom,13
Scrape Google Jobs Listing,Germany,13
Walmart Search Engine Results API,United States,1
Walmart Search Engine Results API,Canada,1
Walmart Search Engine Results API,France,1
Walmart Search Engine Results API,United Kingdom,1
Walmart Search Engine Results API,Germany,1
Walmart Featured Item API,United States,3
Walmart Featured Item API,Canada,3
Walmart Featured Item API,France,3
Walmart Featured Item API,United Kingdom,3
Walmart Featured Item API,Germany,3
Walmart Filters API,United States,4
Walmart Filters API,Canada,3
Walmart Filters API,France,4
Walmart Filters API,United Kingdom,4
Walmart Filters API,Germany,2
Walmart Organic Results API,United States,1
Walmart Organic Results API,Canada,1
Walmart Organic Results API,France,1
Walmart Organic Results API,United Kingdom,1
Walmart Organic Results API,Germany,1
Walmart Pagination API,United States,3
Walmart Pagination API,Canada,3
Walmart Pagination API,France,3
Walmart Pagination API,United Kingdom,3
Walmart Pagination API,Germany,3
Walmart Product API,United States,6
Walmart Product API,Canada,6
Walmart Product API,France,6
Walmart Product API,United Kingdom,6
Walmart Product API,Germany,6
Walmart Product Result API,United States,2
Walmart Product Result API,Canada,2
Walmart Product Result API,France,2
Walmart Product Result API,United Kingdom,2
Walmart Product Result API,Germany,2
Walmart Reviews Results API,United States,3
Walmart Reviews Results API,Canada,3
Walmart Reviews Results API,France,3
Walmart Reviews Results API,United Kingdom,3
Walmart Reviews Results API,Germany,3
Walmart Related Queries API,United States,1
Walmart Related Queries API,Canada,1
Walmart Related Queries API,France,1
Walmart Related Queries API,United Kingdom,1
Walmart Related Queries API,Germany,1
Walmart Spell Check API,United States,1
Walmart Spell Check API,Canada,1
Walmart Spell Check API,France,1
Walmart Spell Check API,United Kingdom,1
Walmart Spell Check API,Germany,1
Scrape Walmart Search Engine Results,United States,3
Scrape Walmart Search Engine Results,Canada,4
Scrape Walmart Search Engine Results,France,3
Scrape Walmart Search Engine Results,United Kingdom,3
Scrape Walmart Search Engine Results,Germany,3
Scrape Walmart Featured Item,United States,10
Scrape Walmart Featured Item,Canada,10
Scrape Walmart Featured Item,France,10
Scrape Walmart Featured Item,United Kingdom,8
Scrape Walmart Featured Item,Germany,10
Scrape Walmart Filters,United States,20
Scrape Walmart Filters,Canada,22
Scrape Walmart Filters,France,20
Scrape Walmart Filters,United Kingdom,21
Scrape Walmart Filters,Germany,22
Scrape Walmart Organic Results,United States,1
Scrape Walmart Organic Results,Canada,1
Scrape Walmart Organic Results,France,1
Scrape Walmart Organic Results,United Kingdom,1
Scrape Walmart Organic Results,Germany,1
Scrape Walmart Pagination,United States,5
Scrape Walmart Pagination,Canada,5
Scrape Walmart Pagination,United Kingdom,5
Scrape Walmart Pagination,Germany,50
Scrape Walmart Product,United States,18
Scrape Walmart Product,Canada,19
Scrape Walmart Product,France,18
Scrape Walmart Product,United Kingdom,18
Scrape Walmart Product,Germany,19
Scrape Walmart Product Result,United States,3
Scrape Walmart Product Result,Canada,4
Scrape Walmart Product Result,France,3
Scrape Walmart Product Result,United Kingdom,4
Scrape Walmart Product Result,Germany,3
Scrape Walmart Reviews Results,United States,10
Scrape Walmart Reviews Results,Canada,5
Scrape Walmart Reviews Results,France,5
Scrape Walmart Reviews Results,United Kingdom,5
Scrape Walmart Reviews Results,Germany,5
Scrape Walmart Related Queries,United States,3
Scrape Walmart Related Queries,Canada,3
Scrape Walmart Related Queries,France,3
Scrape Walmart Related Queries,United Kingdom,3
Scrape Walmart Pagination,Germany,50
Scrape Walmart Spell Check,United States,3
Scrape Walmart Spell Check,Canada,3
Scrape Walmart Spell Check,France,3
Scrape Walmart Spell Check,United Kingdom,3
Scrape Walmart Spell Check,Germany,3
Scrape Walmart,United States,26
Scrape Walmart,Canada,26
Scrape Walmart,France,26
Scrape Walmart,United Kingdom,27
Scrape Walmart,Germany,27
LinkedIn Public Search Results API,United States,1
LinkedIn Public Search Results API,Canada,1
LinkedIn Public Search Results API,France,1
LinkedIn Public Search Results API,United Kingdom,1
LinkedIn Public Search Results API,Germany,1
Scrape LinkedIn Public Search Results,United States,
Scrape LinkedIn Public Search Results,Canada,
Scrape LinkedIn Public Search Results,France,
Scrape LinkedIn Public Search Results,United Kingdom,
Scrape LinkedIn Public Search Results,Germany,
Apple App Store Reviews Scraper API,United States,1
Apple App Store Reviews Scraper API,Canada,1
Apple App Store Reviews Scraper API,France,1
Apple App Store Reviews Scraper API,United Kingdom,1
Apple App Store Reviews Scraper API,Germany,1
Apple App Store Search Scraper API,United States,1
Apple App Store Search Scraper API,Canada,1
Apple App Store Search Scraper API,France,1
Apple App Store Search Scraper API,United Kingdom,1
Apple App Store Search Scraper API,Germany,1
Apple Product Page Scraper API,United States,1
Apple Product Page Scraper API,Canada,1
Apple Product Page Scraper API,France,1
Apple Product Page Scraper API,United Kingdom,1
Apple Product Page Scraper API,Germany,1
Baidu Answer Box API,United States,1
Baidu Answer Box API,Canada,1
Baidu Answer Box API,France,1
Baidu Answer Box API,United Kingdom,1
Baidu Answer Box API,Germany,1
Baidu People Also Search For Results API,United States,1
Baidu People Also Search For Results API,Canada,1
Baidu People Also Search For Results API,France,1
Baidu People Also Search For Results API,United Kingdom,1
Baidu People Also Search For Results API,Germany,1
Baidu Related Searches Results API,United States,1
Baidu Related Searches Results API,Canada,1
Baidu Related Searches Results API,France,1
Baidu Related Searches Results API,United Kingdom,1
Baidu Related Searches Results API,Germany,1
Baidu Top Searches API,United States,1
Baidu Top Searches API,Canada,1
Baidu Top Searches API,France,1
Baidu Top Searches API,United Kingdom,1
Baidu Top Searches API,Germany,1
Bing Answer Box API,United States,1
Bing Answer Box API,Canada,1
Bing Answer Box API,France,1
Bing Answer Box API,United Kingdom,1
Bing Answer Box API,Germany,1
Bing News Engine Results API,United States,1
Bing News Engine Results API,Canada,1
Bing News Engine Results API,France,1
Bing News Engine Results API,United Kingdom,1
Bing News Engine Results API,Germany,1
Bing Recipes Results API,United States,1
Bing Recipes Results API,Canada,1
Bing Recipes Results API,France,1
Bing Recipes Results API,United Kingdom,1
Bing Recipes Results API,Germany,1
DuckDuckGo Ad Results API,United States,1
DuckDuckGo Ad Results API,Canada,1
DuckDuckGo Ad Results API,France,1
DuckDuckGo Ad Results API,United Kingdom,1
DuckDuckGo Ad Results API,Germany,1
DuckDuckGo Inline Images API,United States,1
DuckDuckGo Inline Images API,Canada,1
DuckDuckGo Inline Images API,France,1
DuckDuckGo Inline Images API,United Kingdom,1
DuckDuckGo Inline Images API,Germany,1
DuckDuckGo Inline Videos API,United States,1
DuckDuckGo Inline Videos API,Canada,1
DuckDuckGo Inline Videos API,France,1
DuckDuckGo Inline Videos API,United Kingdom,1
DuckDuckGo Inline Videos API,Germany,1
DuckDuckGo Knowledge Graph API,United States,1
DuckDuckGo Knowledge Graph API,Canada,1
DuckDuckGo Knowledge Graph API,France,1
DuckDuckGo Knowledge Graph API,United Kingdom,1
DuckDuckGo Knowledge Graph API,Germany,1
DuckDuckGo News Results API,United States,1
DuckDuckGo News Results API,Canada,1
DuckDuckGo News Results API,France,1
DuckDuckGo News Results API,United Kingdom,1
DuckDuckGo News Results API,Germany,1
DuckDuckGo Organic Results API,United States,1
DuckDuckGo Organic Results API,Canada,1
DuckDuckGo Organic Results API,France,1
DuckDuckGo Organic Results API,United Kingdom,1
DuckDuckGo Organic Results API,Germany,1
DuckDuckGo Related Searches API,United States,1
DuckDuckGo Related Searches API,Canada,1
DuckDuckGo Related Searches API,France,1
DuckDuckGo Related Searches API,United Kingdom,1
DuckDuckGo Related Searches API,Germany,1
DuckDuckGo Search Engine Results API,United States,1
DuckDuckGo Search Engine Results API,Canada,1
DuckDuckGo Search Engine Results API,France,1
DuckDuckGo Search Engine Results API,United Kingdom,1
DuckDuckGo Search Engine Results API,Germany,1
Google Ad Results API,United States,5
Google Ad Results API,Canada,5
Google Ad Results API,France,6
Google Ad Results API,United Kingdom,5
Google Ad Results API,Germany,5
Google Available On Results API,United States,1
Google Available On Results API,Canada,1
Google Available On Results API,France,1
Google Available On Results API,United Kingdom,1
Google Available On Results API,Germany,1
Google Broaden Searches API,United States,1
Google Broaden Searches API,Canada,1
Google Broaden Searches API,France,1
Google Broaden Searches API,United Kingdom,1
Google Broaden Searches API,Germany,1
"Google ""Discover More Places"" Results API",United States,1
"Google ""Discover More Places"" Results API",Canada,1
"Google ""Discover More Places"" Results API",France,1
"Google ""Discover More Places"" Results API",United Kingdom,1
"Google ""Discover More Places"" Results API",Germany,1
Google Events API,United States,2
Google Events API,Canada,2
Google Events API,France,2
Google Events API,United Kingdom,2
Google Events API,Germany,2
Google Inline People Also Search For Results API,United States,1
Google Inline People Also Search For Results API,Canada,1
Google Inline People Also Search For Results API,France,1
Google Inline People Also Search For Results API,United Kingdom,1
Google Inline People Also Search For Results API,Germany,1
Google Inline Products API,United States,1
Google Inline Products API,Canada,1
Google Inline Products API,France,1
Google Inline Products API,United Kingdom,1
Google Inline Products API,Germany,1
Google Inline Videos API,United States,1
Google Inline Videos API,Canada,1
Google Inline Videos API,France,1
Google Inline Videos API,United Kingdom,1
Google Inline Videos API,Germany,1
Google Jobs API,United States,2
Google Jobs API,Canada,2
Google Jobs API,France,2
Google Jobs API,United Kingdom,2
Google Jobs API,Germany,2
Google Local Ads Results API,United States,3
Google Local Ads Results API,Canada,3
Google Local Ads Results API,France,3
Google Local Ads Results API,United Kingdom,3
Google Local Ads Results API,Germany,3
"Google Local ""Places"" Results API",United States,2
"Google Local ""Places"" Results API",Canada,2
"Google Local ""Places"" Results API",France,2
"Google Local ""Places"" Results API",United Kingdom,2
"Google Local ""Places"" Results API",Germany,2
Google Local Services API,United States,5
Google Local Services API,Canada,5
Google Local Services API,France,5
Google Local Services API,United Kingdom,5
Google Local Services API,Germany,5
Google Maps Photos API,United States,4
Google Maps Photos API,Canada,4
Google Maps Photos API,France,4
Google Maps Photos API,United Kingdom,4
Google Maps Photos API,Germany,4
Google Maps Reviews API,United States,4
Google Maps Reviews API,Canada,5
Google Maps Reviews API,France,4
Google Maps Reviews API,United Kingdom,4
Google Maps Reviews API,Germany,4
Google Play Apps Product API,United States,4
Google Play Apps Product API,Canada,4
Google Play Apps Product API,France,4
Google Play Apps Product API,United Kingdom,4
Google Play Apps Product API,Germany,4
Google Play Apps Store API,United States,3
Google Play Apps Store API,Canada,3
Google Play Apps Store API,France,3
Google Play Apps Store API,United Kingdom,3
Google Play Apps Store API,Germany,3
Google Play Audiobooks Product API,United States,1
Google Play Audiobooks Product API,Canada,1
Google Play Audiobooks Product API,France,1
Google Play Audiobooks Product API,United Kingdom,1
Google Play Audiobooks Product API,Germany,1
Google Play Books Product API,United States,2
Google Play Books Product API,Canada,2
Google Play Books Product API,France,2
Google Play Books Product API,United Kingdom,2
Google Play Books Product API,Germany,2
Google Play Books Store API,United States,2
Google Play Books Store API,Canada,2
Google Play Books Store API,France,2
Google Play Books Store API,United Kingdom,2
Google Play Books Store API,Germany,2
Google Play Movies Product API,United States,1
Google Play Movies Product API,Canada,1
Google Play Movies Product API,France,1
Google Play Movies Product API,United Kingdom,1
Google Play Movies Product API,Germany,1
Google Play Movies Store API,United States,2
Google Play Movies Store API,Canada,1
Google Play Movies Store API,France,2
Google Play Movies Store API,United Kingdom,2
Google Play Movies Store API,Germany,2
Google Play Product API,United States,5
Google Play Product API,Canada,5
Google Play Product API,France,5
Google Play Product API,United Kingdom,5
Google Play Product API,Germany,5
Google Play Product Reviews API,United States,10
Google Play Product Reviews API,Canada,8
Google Play Product Reviews API,France,9
Google Play Product Reviews API,United Kingdom,7
Google Play Product Reviews API,Germany,9
Google Play Store API,United States,5
Google Play Store API,Canada,4
Google Play Store API,France,5
Google Play Store API,United Kingdom,5
Google Play Store API,Germany,5
Google Play TV Product API,United States,1
Google Play TV Product API,Canada,1
Google Play TV Product API,France,1
Google Play TV Product API,United Kingdom,1
Google Play TV Product API,Germany,2
Google Popular Destinations API,United States,1
Google Popular Destinations API,Canada,1
Google Popular Destinations API,France,1
Google Popular Destinations API,United Kingdom,1
Google Popular Destinations API,Germany,2
Google Product Result API,United States,1
Google Product Result API,Canada,1
Google Product Result API,France,1
Google Product Result API,United Kingdom,1
Google Product Result API,Germany,1
Google Recipes Results API,United States,1
Google Recipes Results API,Canada,1
Google Recipes Results API,France,1
Google Recipes Results API,United Kingdom,1
Google Recipes Results API,Germany,1
Google Refine By API,United States,2
Google Refine By API,Canada,2
Google Refine By API,France,2
Google Refine By API,United Kingdom,2
Google Refine By API,Germany,2
Google Scholar Author API,United States,1
Google Scholar Author API,Canada,1
Google Scholar Author API,France,1
Google Scholar Author API,United Kingdom,1
Google Scholar Author API,Germany,1
Google Scholar Author Articles API,United States,1
Google Scholar Author Articles API,Canada,1
Google Scholar Author Articles API,France,1
Google Scholar Author Articles API,United Kingdom,1
Google Scholar Author Articles API,Germany,1
Google Scholar Author Citation API,United States,1
Google Scholar Author Citation API,Canada,1
Google Scholar Author Citation API,France,1
Google Scholar Author Citation API,United Kingdom,1
Google Scholar Author Citation API,Germany,1
Google Scholar Author Cited By API,United States,1
Google Scholar Author Cited By API,Canada,1
Google Scholar Author Cited By API,France,1
Google Scholar Author Cited By API,United Kingdom,1
Google Scholar Author Cited By API,Germany,
Google Scholar Co-Authors API,United States,1
Google Scholar Co-Authors API,Canada,1
Google Scholar Co-Authors API,France,1
Google Scholar Co-Authors API,United Kingdom,1
Google Scholar Co-Authors API,Germany,1
Google Scholar Profiles API,United States,2
Google Scholar Profiles API,Canada,2
Google Scholar Profiles API,France,1
Google Scholar Profiles API,United Kingdom,2
Google Scholar Profiles API,Germany,1
Google Shopping Filters Results Scraper API,United States,3
Google Shopping Filters Results Scraper API,Canada,3
Google Shopping Filters Results Scraper API,France,2
Google Shopping Filters Results Scraper API,United Kingdom,2
Google Shopping Filters Results Scraper API,Germany,3
Google Shopping Inline Shopping Results Scraper API,United States,5
Google Shopping Inline Shopping Results Scraper API,Canada,3
Google Shopping Inline Shopping Results Scraper API,France,3
Google Shopping Inline Shopping Results Scraper API,United Kingdom,6
Google Shopping Inline Shopping Results Scraper API,Germany,5
Google Shopping Nearby Shopping Results Scraper API,United States,4
Google Shopping Nearby Shopping Results Scraper API,Canada,4
Google Shopping Nearby Shopping Results Scraper API,France,2
Google Shopping Nearby Shopping Results Scraper API,United Kingdom,4
Google Shopping Nearby Shopping Results Scraper API,Germany,3
Google Shopping Related Shopping Results Scraper API,United States,1
Google Shopping Related Shopping Results Scraper API,Canada,1
Google Shopping Related Shopping Results Scraper API,France,1
Google Shopping Related Shopping Results Scraper API,United Kingdom,1
Google Shopping Related Shopping Results Scraper API,Germany,1
Google Shopping Results Scraper API,United States,1
Google Shopping Results Scraper API,Canada,1
Google Shopping Results Scraper API,France,1
Google Shopping Results Scraper API,United Kingdom,1
Google Shopping Results Scraper API,Germany,1
Google Shopping Search Results Scraper API,United States,4
Google Shopping Search Results Scraper API,Canada,4
Google Shopping Search Results Scraper API,France,4
Google Shopping Search Results Scraper API,United Kingdom,4
Google Shopping Search Results Scraper API,Germany,4
Google Shopping Various Block Results Scraper API,United States,12
Google Shopping Various Block Results Scraper API,Canada,12
Google Shopping Various Block Results Scraper API,France,12
Google Shopping Various Block Results Scraper API,United Kingdom,12
Google Shopping Various Block Results Scraper API,Germany,12
Google Short Videos API,United States,1
Google Short Videos API,Canada,1
Google Short Videos API,France,1
Google Short Videos API,United Kingdom,1
Google Short Videos API,Germany,1
Google Showtimes Results API,United States,10
Google Showtimes Results API,Canada,1
Google Showtimes Results API,France,12
Google Showtimes Results API,United Kingdom,11
Google Showtimes Results API,Germany,12
Google Sports Results API,United States,1
Google Sports Results API,Canada,1
Google Sports Results API,France,1
Google Sports Results API,United Kingdom,1
Google Sports Results API,Germany,1
Google Top Sights API,United States,1
Google Top Sights API,Canada,1
Google Top Sights API,France,1
Google Top Sights API,United Kingdom,1
Google Top Sights API,Germany,1
How does Google Pagination Work?,United States,1
How does Google Pagination Work?,Canada,1
How does Google Pagination Work?,France,1
How does Google Pagination Work?,United Kingdom,1
How does Google Pagination Work?,Germany,1
LinkedIn Profile API,United States,11
LinkedIn Profile API,Canada,11
LinkedIn Profile API,France,10
LinkedIn Profile API,United Kingdom,10
LinkedIn Profile API,Germany,10
Naver Ad Results API,United States,1
Naver Ad Results API,Canada,1
Naver Ad Results API,France,1
Naver Ad Results API,United Kingdom,1
Naver Ad Results API,Germany,2
Naver Images API,United States,1
Naver Images API,Canada,2
Naver Images API,France,1
Naver Images API,United Kingdom,1
Naver Images API,Germany,1
Naver Knowledge graph,United States,1
Naver Knowledge graph,Canada,1
Naver Knowledge graph,France,1
Naver Knowledge graph,United Kingdom,4
Naver Knowledge graph,Germany,1
Naver News Results,United States,1
Naver News Results,Canada,3
Naver News Results,France,1
Naver News Results,United Kingdom,1
Naver News Results,Germany,1
Naver Related results,United States,1
Naver Related results,Canada,1
Naver Related results,France,1
Naver Related results,United Kingdom,1
Naver Related results,Germany,5
Naver Search Engine Results API,United States,1
Naver Search Engine Results API,Canada,1
Naver Search Engine Results API,France,1
Naver Search Engine Results API,United Kingdom,1
Naver Search Engine Results API,Germany,1
Naver Video Results,United States,1
Naver Video Results,Canada,1
Naver Video Results,France,1
Naver Video Results,United Kingdom,1
Naver Video Results,Germany,1
Naver Web Organic Results,United States,1
Naver Web Organic Results,Canada,1
Naver Web Organic Results,France,1
Naver Web Organic Results,United Kingdom,1
Naver Web Organic Results,Germany,1
Scrape Apple App Store Reviews Scraper,United States,3
Scrape Apple App Store Reviews Scraper,Canada,3
Scrape Apple App Store Reviews Scraper,France,3
Scrape Apple App Store Reviews Scraper,United Kingdom,3
Scrape Apple App Store Reviews Scraper,Germany,3
Scrape Apple App Store Search Scraper,United States,5
Scrape Apple App Store Search Scraper,Canada,6
Scrape Apple App Store Search Scraper,France,4
Scrape Apple App Store Search Scraper,United Kingdom,4
Scrape Apple App Store Search Scraper,Germany,5
Scrape Apple Product Page Scraper,United States,1
Scrape Apple Product Page Scraper,Canada,1
Scrape Apple Product Page Scraper,France,1
Scrape Apple Product Page Scraper,United Kingdom,1
Scrape Apple Product Page Scraper,Germany,1
Scrape Baidu Answer Box,United States,1
Scrape Baidu Answer Box,Canada,1
Scrape Baidu Answer Box,France,1
Scrape Baidu Answer Box,United Kingdom,1
Scrape Baidu Answer Box,Germany,1
Scrape Baidu People Also Search For Results,United States,2
Scrape Baidu People Also Search For Results,Canada,2
Scrape Baidu People Also Search For Results,France,2
Scrape Baidu People Also Search For Results,United Kingdom,2
Scrape Baidu People Also Search For Results,Germany,2
Scrape Baidu Related Searches Results,United States,4
Scrape Baidu Related Searches Results,Canada,3
Scrape Baidu Related Searches Results,France,3
Scrape Baidu Related Searches Results,United Kingdom,3
Scrape Baidu Related Searches Results,Germany,2
Scrape Baidu Search Engine Results,United States,1
Scrape Baidu Search Engine Results,Canada,1
Scrape Baidu Search Engine Results,France,1
Scrape Baidu Search Engine Results,United Kingdom,2
Scrape Baidu Search Engine Results,Germany,1
Scrape Baidu Top Searches,United States,1
Scrape Baidu Top Searches,Canada,1
Scrape Baidu Top Searches,France,1
Scrape Baidu Top Searches,United Kingdom,1
Scrape Baidu Top Searches,Germany,1
Scrape Bing Answer Box,United States,1
Scrape Bing Answer Box,Canada,1
Scrape Bing Answer Box,France,1
Scrape Bing Answer Box,United Kingdom,1
Scrape Bing Answer Box,Germany,1
Scrape Bing News Engine Results,United States,5
Scrape Bing News Engine Results,Canada,5
Scrape Bing News Engine Results,France,5
Scrape Bing News Engine Results,United Kingdom,5
Scrape Bing News Engine Results,Germany,5
Scrape Bing Recipes Results,United States,4
Scrape Bing Recipes Results,Canada,3
Scrape Bing Recipes Results,France,3
Scrape Bing Recipes Results,United Kingdom,3
Scrape Bing Recipes Results,Germany,4
Scrape Bing Search Engine Results,United States,4
Scrape Bing Search Engine Results,Canada,4
Scrape Bing Search Engine Results,France,4
Scrape Bing Search Engine Results,United Kingdom,4
Scrape Bing Search Engine Results,Germany,4
Scrape DuckDuckGo Ad Results,United States,1
Scrape DuckDuckGo Ad Results,Canada,1
Scrape DuckDuckGo Ad Results,France,1
Scrape DuckDuckGo Ad Results,United Kingdom,1
Scrape DuckDuckGo Ad Results,Germany,1
Scrape DuckDuckGo Inline Images,United States,2
Scrape DuckDuckGo Inline Images,Canada,2
Scrape DuckDuckGo Inline Images,France,2
Scrape DuckDuckGo Inline Images,United Kingdom,2
Scrape DuckDuckGo Inline Images,Germany,2
Scrape DuckDuckGo Inline Videos,United States,1
Scrape DuckDuckGo Inline Videos,Canada,1
Scrape DuckDuckGo Inline Videos,France,1
Scrape DuckDuckGo Inline Videos,United Kingdom,1
Scrape DuckDuckGo Inline Videos,Germany,1
Scrape DuckDuckGo Knowledge Graph,United States,2
Scrape DuckDuckGo Knowledge Graph,Canada,2
Scrape DuckDuckGo Knowledge Graph,France,2
Scrape DuckDuckGo Knowledge Graph,United Kingdom,2
Scrape DuckDuckGo Knowledge Graph,Germany,2
Scrape DuckDuckGo News Results,United States,1
Scrape DuckDuckGo News Results,Canada,1
Scrape DuckDuckGo News Results,France,1
Scrape DuckDuckGo News Results,United Kingdom,1
Scrape DuckDuckGo News Results,Germany,1
Scrape DuckDuckGo Organic Results,United States,1
Scrape DuckDuckGo Organic Results,Canada,1
Scrape DuckDuckGo Organic Results,France,1
Scrape DuckDuckGo Organic Results,United Kingdom,1
Scrape DuckDuckGo Organic Results,Germany,1
Scrape DuckDuckGo Related Searches,United States,3
Scrape DuckDuckGo Related Searches,Canada,3
Scrape DuckDuckGo Related Searches,France,3
Scrape DuckDuckGo Related Searches,United Kingdom,3
Scrape DuckDuckGo Related Searches,Germany,3
Scrape DuckDuckGo Search Engine Results,United States,2
Scrape DuckDuckGo Search Engine Results,Canada,2
Scrape DuckDuckGo Search Engine Results,France,2
Scrape DuckDuckGo Search Engine Results,United Kingdom,2
Scrape DuckDuckGo Search Engine Results,Germany,2
Scrape Ebay Search Engine Results,United States,5
Scrape Ebay Search Engine Results,Canada,5
Scrape Ebay Search Engine Results,France,1
Scrape Ebay Search Engine Results,United Kingdom,3
Scrape Ebay Search Engine Results,Germany,5
Scrape Google Ad Results,United States,7
Scrape Google Ad Results,Canada,7
Scrape Google Ad Results,France,7
Scrape Google Ad Results,United Kingdom,6
Scrape Google Ad Results,Germany,4
Scrape Google Available On Results,United States,7
Scrape Google Available On Results,Canada,7
Scrape Google Available On Results,France,7
Scrape Google Available On Results,United Kingdom,7
Scrape Google Available On Results,Germany,7
Scrape Google Broaden Searches,United States,5
Scrape Google Broaden Searches,Canada,5
Scrape Google Broaden Searches,France,5
Scrape Google Broaden Searches,United Kingdom,5
Scrape Google Broaden Searches,Germany,5
"Scrape Google ""Discover More Places"" Results",United States,1
"Scrape Google ""Discover More Places"" Results",Canada,1
"Scrape Google ""Discover More Places"" Results",France,1
"Scrape Google ""Discover More Places"" Results",United Kingdom,1
"Scrape Google ""Discover More Places"" Results",Germany,1
Scrape Google Events,United States,4
Scrape Google Events,Canada,2
Scrape Google Events,France,4
Scrape Google Events,United Kingdom,4
Scrape Google Events,Germany,4
Scrape Google Inline People Also Search For Results,United States,1
Scrape Google Inline People Also Search For Results,Canada,1
Scrape Google Inline People Also Search For Results,France,1
Scrape Google Inline People Also Search For Results,United Kingdom,1
Scrape Google Inline People Also Search For Results,Germany,1
Scrape Google Inline Products,United States,1
Scrape Google Inline Products,Canada,1
Scrape Google Inline Products,France,1
Scrape Google Inline Products,United Kingdom,1
Scrape Google Inline Products,Germany,1
Scrape Google Inline Videos,United States,14
Scrape Google Inline Videos,Canada,15
Scrape Google Inline Videos,France,14
Scrape Google Inline Videos,United Kingdom,14
Scrape Google Inline Videos,Germany,14
Scrape Google Jobs,United States,12
Scrape Google Jobs,Canada,11
Scrape Google Jobs,France,11
Scrape Google Jobs,United Kingdom,11
Scrape Google Jobs,Germany,11
Scrape Google Jobs Listing Results,United States,4
Scrape Google Jobs Listing Results,Canada,4
Scrape Google Jobs Listing Results,France,4
Scrape Google Jobs Listing Results,United Kingdom,4
Scrape Google Jobs Listing Results,Germany,4
Scrape Google Local Ads Results,United States,1
Scrape Google Local Ads Results,Canada,1
Scrape Google Local Ads Results,France,1
Scrape Google Local Ads Results,United Kingdom,1
Scrape Google Local Ads Results,Germany,1
"Scrape Google Local ""Places"" Results",United States,1
"Scrape Google Local ""Places"" Results",Canada,1
"Scrape Google Local ""Places"" Results",France,1
"Scrape Google Local ""Places"" Results",United Kingdom,1
"Scrape Google Local ""Places"" Results",Germany,1
Scrape Google Local Services,United States,1
Scrape Google Local Services,Canada,1
Scrape Google Local Services,France,1
Scrape Google Local Services,United Kingdom,1
Scrape Google Local Services,Germany,1
Scrape Google Maps Photos,United States,3
Scrape Google Maps Photos,Canada,3
Scrape Google Maps Photos,France,4
Scrape Google Maps Photos,United Kingdom,3
Scrape Google Maps Photos,Germany,3
Scrape Google Maps Reviews,United States,4
Scrape Google Maps Reviews,Canada,5
Scrape Google Maps Reviews,France,5
Scrape Google Maps Reviews,United Kingdom,5
Scrape Google Maps Reviews,Germany,4
Scrape Google News Result,United States,1
Scrape Google News Result,Canada,4
Scrape Google News Result,France,4
Scrape Google News Result,United Kingdom,3
Scrape Google News Result,Germany,4
Scrape Google Organic Results,United States,1
Scrape Google Organic Results,Canada,1
Scrape Google Organic Results,France,1
Scrape Google Organic Results,United Kingdom,1
Scrape Google Organic Results,Germany,1
Scrape Google Play Apps Product,United States,10
Scrape Google Play Apps Product,Canada,10
Scrape Google Play Apps Product,France,10
Scrape Google Play Apps Product,United Kingdom,9
Scrape Google Play Apps Product,Germany,10
Scrape Google Play Apps Store,United States,13
Scrape Google Play Apps Store,Canada,14
Scrape Google Play Apps Store,France,11
Scrape Google Play Apps Store,United Kingdom,14
Scrape Google Play Apps Store,Germany,13
Scrape Google Play Audiobooks Product,United States,1
Scrape Google Play Audiobooks Product,Canada,1
Scrape Google Play Audiobooks Product,France,1
Scrape Google Play Audiobooks Product,United Kingdom,1
Scrape Google Play Audiobooks Product,Germany,1
Scrape Google Play Books Product,United States,1
Scrape Google Play Books Product,Canada,1
Scrape Google Play Books Product,France,1
Scrape Google Play Books Product,United Kingdom,1
Scrape Google Play Books Product,Germany,1
Scrape Google Play Books Store,United States,1
Scrape Google Play Books Store,Canada,1
Scrape Google Play Books Store,France,1
Scrape Google Play Books Store,United Kingdom,1
Scrape Google Play Books Store,Germany,1
Scrape Google Play Movies Product,United States,1
Scrape Google Play Movies Product,Canada,1
Scrape Google Play Movies Product,France,1
Scrape Google Play Movies Product,United Kingdom,1
Scrape Google Play Movies Product,Germany,1
Scrape Google Play Movies Store,United States,2
Scrape Google Play Movies Store,Canada,2
Scrape Google Play Movies Store,France,2
Scrape Google Play Movies Store,United Kingdom,2
Scrape Google Play Movies Store,Germany,2
Scrape Google Play Product,United States,10
Scrape Google Play Product,Canada,10
Scrape Google Play Product,France,10
Scrape Google Play Product,United Kingdom,10
Scrape Google Play Product,Germany,10
Scrape Google Play Product Reviews,United States,10
Scrape Google Play Product Reviews,Canada,10
Scrape Google Play Product Reviews,France,10
Scrape Google Play Product Reviews,United Kingdom,10
Scrape Google Play Product Reviews,Germany,10
Scrape Google Play Store,United States,10
Scrape Google Play Store,Canada,13
Scrape Google Play Store,France,13
Scrape Google Play Store,United Kingdom,14
Scrape Google Play Store,Germany,14
Scrape Google Play TV Product,United States,3
Scrape Google Play TV Product,Canada,3
Scrape Google Play TV Product,France,3
Scrape Google Play TV Product,United Kingdom,3
Scrape Google Play TV Product,Germany,3
Scrape Google Popular Destinations,United States,8
Scrape Google Popular Destinations,Canada,8
Scrape Google Popular Destinations,France,8
Scrape Google Popular Destinations,United Kingdom,8
Scrape Google Popular Destinations,Germany,8
Scrape Google Product Result,United States,7
Scrape Google Product Result,Canada,7
Scrape Google Product Result,France,8
Scrape Google Product Result,United Kingdom,7
Scrape Google Product Result,Germany,7
Scrape Google Recipes Results,United States,2
Scrape Google Recipes Results,Canada,8
Scrape Google Recipes Results,France,2
Scrape Google Recipes Results,United Kingdom,2
Scrape Google Recipes Results,Germany,8
Scrape Google Refine By,United States,3
Scrape Google Refine By,Canada,1
Scrape Google Refine By,France,2
Scrape Google Refine By,United Kingdom,1
Scrape Google Refine By,Germany,1
Scrape Google Reviews Results,United States,16
Scrape Google Reviews Results,Canada,14
Scrape Google Reviews Results,France,16
Scrape Google Reviews Results,United Kingdom,16
Scrape Google Reviews Results,Germany,16
Scrape Google Scholar Author,United States,2
Scrape Google Scholar Author,Canada,2
Scrape Google Scholar Author,France,2
Scrape Google Scholar Author,United Kingdom,2
Scrape Google Scholar Author,Germany,1
Scrape Google Scholar Author Articles,United States,6
Scrape Google Scholar Author Articles,Canada,7
Scrape Google Scholar Author Articles,France,7
Scrape Google Scholar Author Articles,United Kingdom,6
Scrape Google Scholar Author Articles,Germany,6
Scrape Google Scholar Author Citation,United States,2
Scrape Google Scholar Author Citation,Canada,2
Scrape Google Scholar Author Citation,France,2
Scrape Google Scholar Author Citation,United Kingdom,2
Scrape Google Scholar Author Citation,Germany,2
Scrape Google Scholar Author Cited By,United States,1
Scrape Google Scholar Author Cited By,Canada,1
Scrape Google Scholar Author Cited By,France,1
Scrape Google Scholar Author Cited By,United Kingdom,1
Scrape Google Scholar Author Cited By,Germany,1
Scrape Google Scholar Co-Authors,United States,1
Scrape Google Scholar Co-Authors,Canada,1
Scrape Google Scholar Co-Authors,France,1
Scrape Google Scholar Co-Authors,United Kingdom,1
Scrape Google Scholar Co-Authors,Germany,1
Scrape Google Scholar Organic Results,United States,1
Scrape Google Scholar Organic Results,Canada,1
Scrape Google Scholar Organic Results,France,1
Scrape Google Scholar Organic Results,United Kingdom,1
Scrape Google Scholar Organic Results,Germany,1
Scrape Google Scholar Profiles,United States,7
Scrape Google Scholar Profiles,Canada,7
Scrape Google Scholar Profiles,France,5
Scrape Google Scholar Profiles,United Kingdom,7
Scrape Google Scholar Profiles,Germany,7
Scrape Google Search Engine Results,United States,6
Scrape Google Search Engine Results,Canada,5
Scrape Google Search Engine Results,France,6
Scrape Google Search Engine Results,United Kingdom,5
Scrape Google Search Engine Results,Germany,5
Scrape Google Shopping Filters Results Scraper,United States,21
Scrape Google Shopping Filters Results Scraper,Canada,21
Scrape Google Shopping Filters Results Scraper,France,20
Scrape Google Shopping Filters Results Scraper,United Kingdom,21
Scrape Google Shopping Filters Results Scraper,Germany,21
Scrape Google Shopping Inline Shopping Results Scraper,United States,6
Scrape Google Shopping Inline Shopping Results Scraper,Canada,7
Scrape Google Shopping Inline Shopping Results Scraper,France,8
Scrape Google Shopping Inline Shopping Results Scraper,United Kingdom,6
Scrape Google Shopping Inline Shopping Results Scraper,Germany,7
Scrape Google Shopping Nearby Shopping Results Scraper,United States,15
Scrape Google Shopping Nearby Shopping Results Scraper,Canada,17
Scrape Google Shopping Nearby Shopping Results Scraper,France,17
Scrape Google Shopping Nearby Shopping Results Scraper,United Kingdom,17
Scrape Google Shopping Nearby Shopping Results Scraper,Germany,17
Scrape Google Shopping Related Shopping Results Scraper,United States,5
Scrape Google Shopping Related Shopping Results Scraper,Canada,6
Scrape Google Shopping Related Shopping Results Scraper,France,7
Scrape Google Shopping Related Shopping Results Scraper,United Kingdom,7
Scrape Google Shopping Related Shopping Results Scraper,Germany,6
Scrape Google Shopping Results Scraper,United States,9
Scrape Google Shopping Results Scraper,Canada,9
Scrape Google Shopping Results Scraper,France,9
Scrape Google Shopping Results Scraper,United Kingdom,9
Scrape Google Shopping Results Scraper,Germany,9
Scrape Google Shopping Search Results Scraper,United States,11
Scrape Google Shopping Search Results Scraper,Canada,12
Scrape Google Shopping Search Results Scraper,France,11
Scrape Google Shopping Search Results Scraper,United Kingdom,11
Scrape Google Shopping Search Results Scraper,Germany,12
Scrape Google Shopping Various Block Results Scraper,United States,13
Scrape Google Shopping Various Block Results Scraper,Canada,16
Scrape Google Shopping Various Block Results Scraper,France,17
Scrape Google Shopping Various Block Results Scraper,United Kingdom,16
Scrape Google Shopping Various Block Results Scraper,Germany,16
Scrape Google Short Videos,United States,3
Scrape Google Short Videos,Canada,3
Scrape Google Short Videos,France,3
Scrape Google Short Videos,United Kingdom,3
Scrape Google Short Videos,Germany,3
Scrape Google Showtimes Results,United States,1
Scrape Google Showtimes Results,Canada,1
Scrape Google Showtimes Results,France,1
Scrape Google Showtimes Results,United Kingdom,1
Scrape Google Showtimes Results,Germany,1
Scrape Google Sports Results,United States,1
Scrape Google Sports Results,Canada,1
Scrape Google Sports Results,France,1
Scrape Google Sports Results,United Kingdom,1
Scrape Google Sports Results,Germany,1
Scrape Google Top Sights,United States,13
Scrape Google Top Sights,Canada,12
Scrape Google Top Sights,France,12
Scrape Google Top Sights,United Kingdom,13
Scrape Google Top Sights,Germany,13
Scrape LinkedIn Profile,United States,
Scrape LinkedIn Profile,Canada,
Scrape LinkedIn Profile,France,
Scrape LinkedIn Profile,United Kingdom,
Scrape LinkedIn Profile,Germany,
Scrape Naver Ad Results,United States,1
Scrape Naver Ad Results,Canada,1
Scrape Naver Ad Results,France,1
Scrape Naver Ad Results,United Kingdom,1
Scrape Naver Ad Results,Germany,1
Scrape Naver Images,United States,1
Scrape Naver Images,Canada,1
Scrape Naver Images,France,1
Scrape Naver Images,United Kingdom,1
Scrape Naver Images,Germany,1
Scrape Naver Search Engine Results,United States,1
Scrape Naver Search Engine Results,Canada,1
Scrape Naver Search Engine Results,France,1
Scrape Naver Search Engine Results,United Kingdom,1
Scrape Naver Search Engine Results,Germany,1
Scrape Search Archive,United States,17
Scrape Search Archive,Canada,21
Scrape Search Archive,France,21
Scrape Search Archive,United Kingdom,21
Scrape Search Archive,Germany,22
Scrape The Home Depot Product,United States,21
Scrape The Home Depot Product,Canada,18
Scrape The Home Depot Product,France,18
Scrape The Home Depot Product,United Kingdom,19
Scrape The Home Depot Product,Germany,19
Scrape The Home Depot Search Engine Results,United States,1
Scrape The Home Depot Search Engine Results,Canada,1
Scrape The Home Depot Search Engine Results,France,1
Scrape The Home Depot Search Engine Results,United Kingdom,1
Scrape The Home Depot Search Engine Results,Germany,1
Scrape The Home Depot Search Filtering,United States,1
Scrape The Home Depot Search Filtering,Canada,1
Scrape The Home Depot Search Filtering,France,1
Scrape The Home Depot Search Filtering,United Kingdom,1
Scrape The Home Depot Search Filtering,Germany,1
Scrape The Home Depot Search Price Bound,United States,
Scrape The Home Depot Search Price Bound,Canada,
Scrape The Home Depot Search Price Bound,France,
Scrape The Home Depot Search Price Bound,United Kingdom,
Scrape The Home Depot Search Price Bound,Germany,
Scrape The Home Depot Search Sorting,United States,2
Scrape The Home Depot Search Sorting,Canada,2
Scrape The Home Depot Search Sorting,France,2
Scrape The Home Depot Search Sorting,United Kingdom,2
Scrape The Home Depot Search Sorting,Germany,2
Scrape The Home Depot Search Spell Check,United States,2
Scrape The Home Depot Search Spell Check,Canada,2
Scrape The Home Depot Search Spell Check,France,2
Scrape The Home Depot Search Spell Check,United Kingdom,2
Scrape The Home Depot Search Spell Check,Germany,2
Scrape Yahoo! Search Engine Results,United States,2
Scrape Yahoo! Search Engine Results,Canada,2
Scrape Yahoo! Search Engine Results,France,2
Scrape Yahoo! Search Engine Results,United Kingdom,2
Scrape Yahoo! Search Engine Results,Germany,2
Scrape Yahoo! Shopping Search Engine Results,United States,2
Scrape Yahoo! Shopping Search Engine Results,Canada,2
Scrape Yahoo! Shopping Search Engine Results,France,2
Scrape Yahoo! Shopping Search Engine Results,United Kingdom,2
Scrape Yahoo! Shopping Search Engine Results,Germany,2
Scrape Yahoo! Shopping Search Filtering,United States,1
Scrape Yahoo! Shopping Search Filtering,Canada,1
Scrape Yahoo! Shopping Search Filtering,France,1
Scrape Yahoo! Shopping Search Filtering,United Kingdom,1
Scrape Yahoo! Shopping Search Filtering,Germany,1
Scrape Yahoo! Shopping Search Price Bound,United States,1
Scrape Yahoo! Shopping Search Price Bound,Canada,1
Scrape Yahoo! Shopping Search Price Bound,France,1
Scrape Yahoo! Shopping Search Price Bound,United Kingdom,1
Scrape Yahoo! Shopping Search Price Bound,Germany,1
Scrape Yahoo! Shopping Search Sorting,United States,1
Scrape Yahoo! Shopping Search Sorting,Canada,1
Scrape Yahoo! Shopping Search Sorting,France,1
Scrape Yahoo! Shopping Search Sorting,United Kingdom,1
Scrape Yahoo! Shopping Search Sorting,Germany,1
Scrape Yandex Images,United States,7
Scrape Yandex Images,Canada,7
Scrape Yandex Images,France,7
Scrape Yandex Images,United Kingdom,7
Scrape Yandex Images,Germany,7
Scrape Yandex Search Engine Results,United States,3
Scrape Yandex Search Engine Results,Canada,3
Scrape Yandex Search Engine Results,France,3
Scrape Yandex Search Engine Results,United Kingdom,3
Scrape Yandex Search Engine Results,Germany,3
Scrape YouTube Category Results,United States,6
Scrape YouTube Category Results,Canada,6
Scrape YouTube Category Results,France,6
Scrape YouTube Category Results,United Kingdom,6
Scrape YouTube Category Results,Germany,6
Scrape YouTube Search Engine Results,United States,2
Scrape YouTube Search Engine Results,Canada,2
Scrape YouTube Search Engine Results,France,2
Scrape YouTube Search Engine Results,United Kingdom,2
Scrape YouTube Search Engine Results,Germany,2
The Home Depot Product API,United States,1
The Home Depot Product API,Canada,1
The Home Depot Product API,France,1
The Home Depot Product API,United Kingdom,1
The Home Depot Product API,Germany,1
The Home Depot Search API Filtering,United States,1
The Home Depot Search API Filtering,Canada,1
The Home Depot Search API Filtering,France,1
The Home Depot Search API Filtering,United Kingdom,1
The Home Depot Search API Filtering,Germany,1
The Home Depot Search API Price Bound,United States,1
The Home Depot Search API Price Bound,Canada,1
The Home Depot Search API Price Bound,France,1
The Home Depot Search API Price Bound,United Kingdom,1
The Home Depot Search API Price Bound,Germany,1
The Home Depot Search API Sorting,United States,1
The Home Depot Search API Sorting,Canada,1
The Home Depot Search API Sorting,France,1
The Home Depot Search API Sorting,United Kingdom,1
The Home Depot Search API Sorting,Germany,1
The Home Depot Search API Spell Check,United States,1
The Home Depot Search API Spell Check,Canada,1
The Home Depot Search API Spell Check,France,1
The Home Depot Search API Spell Check,United Kingdom,1
The Home Depot Search API Spell Check,Germany,1
The Home Depot Search Engine Results API,United States,1
The Home Depot Search Engine Results API,Canada,1
The Home Depot Search Engine Results API,France,1
The Home Depot Search Engine Results API,United Kingdom,1
The Home Depot Search Engine Results API,Germany,1
Yahoo! Shopping Search API Filtering,United States,1
Yahoo! Shopping Search API Filtering,Canada,1
Yahoo! Shopping Search API Filtering,France,1
Yahoo! Shopping Search API Filtering,United Kingdom,1
Yahoo! Shopping Search API Filtering,Germany,1
Yahoo! Shopping Search API Price Bound,United States,1
Yahoo! Shopping Search API Price Bound,Canada,1
Yahoo! Shopping Search API Price Bound,France,1
Yahoo! Shopping Search API Price Bound,United Kingdom,1
Yahoo! Shopping Search API Price Bound,Germany,1
Yahoo! Shopping Search API Sorting,United States,1
Yahoo! Shopping Search API Sorting,Canada,1
Yahoo! Shopping Search API Sorting,France,1
Yahoo! Shopping Search API Sorting,United Kingdom,1
Yahoo! Shopping Search API Sorting,Germany,1
Yahoo! Shopping Search Engine Results API,United States,1
Yahoo! Shopping Search Engine Results API,Canada,1
Yahoo! Shopping Search Engine Results API,France,1
Yahoo! Shopping Search Engine Results API,United Kingdom,1
Yahoo! Shopping Search Engine Results API,Germany,1
Yandex Images API,United States,1
Yandex Images API,Canada,1
Yandex Images API,France,1
Yandex Images API,United Kingdom,1
Yandex Images API,Germany,1
YouTube Category Results API,United States,4
YouTube Category Results API,Canada,4
YouTube Category Results API,France,3
YouTube Category Results API,United Kingdom,4
YouTube Category Results API,Germany,4
How to get product specifications?,United States,1
How to get product specs?,Canada,1
Scrape Google Search Results,France,8
Scrape Google SERP,United Kingdom,1
Scrape Google Search Engine,Germany,9
Scrape Google,United States,10
Google Patents API,Canada,1
Google Patents API,France,1
Google Patents API,United Kingdom,1
Google Patents API,Germany,1
Google Patents API,United States,1
Google Hotels API,Canada,2
Google Hotels API,France,2
Google Hotels API,United Kingdom,2
Google Hotels API,Germany,2
Google Hotels API,United States,2
Google Flights API,Canada,1
Google Flights API,France,1
Google Flights API,United Kingdom,46
Google Flights API,Germany,46
Google Flights API,United States,36
Google Finance API,Canada,3
Google Finance API,France,3
Google Finance API,United Kingdom,3
Google Finance API,Germany,3
Google Finance API,Germany,3
Google Directions API,United States,7
Google Directions API,Canada,7
Google Directions API,France,7
Google Directions API,United Kingdom,7
Google Directions API,Germany,7
Google Maps Directions API,United States,8
Google Maps Directions API,Canada,9
Google Maps Directions API,France,8
Google Maps Directions API,United Kingdom,8
Google Maps Directions API,Germany,8
Google Search Scraper,United States,9
Google Search Scraper,Canada,10
Google Search Scraper,France,10
Google Search Scraper,United Kingdom,9
Google Search Scraper,Germany,9
Google Jobs Scraper,United States,17
Google Jobs Scraper,Canada,17
Google Jobs Scraper,France,17
Google Jobs Scraper,United Kingdom,17
Google Jobs Scraper,Germany,17
Google Shopping Scraper,United States,16
Google Shopping Scraper,Canada,13
Google Shopping Scraper,France,16
Google Shopping Scraper,United Kingdom,15
Google Shopping Scraper,Germany,15
Google News Scraper,United States,10
Google News Scraper,Canada,11
Google News Scraper,France,11
Google News Scraper,United Kingdom,11
Google News Scraper,Germany,11
Google Scholar Scraper,United States,5
Google Scholar Scraper,Canada,5
Google Scholar Scraper,France,5
Google Scholar Scraper,United Kingdom,5
Google Scholar Scraper,Germany,5
Google Images Scraper,United States,11
Google Images Scraper,Canada,11
Google Images Scraper,France,11
Google Images Scraper,United Kingdom,11
Google Images Scraper,Germany,11
Google Videos Scraper,United States,73
Google Videos Scraper,Canada,70
Google Videos Scraper,France,70
Google Videos Scraper,United Kingdom,71
Google Videos Scraper,Germany,70
Google Lengs Scraper,United States,2
Google Lengs Scraper,Canada,2
Google Lengs Scraper,France,2
Google Lengs Scraper,United Kingdom,2
Google Lengs Scraper,Germany,2
Google Trending Scraper,United States,17
Google Trending Scraper,Canada,14
Google Trending Scraper,France,16
Google Trending Scraper,United Kingdom,17
Google Trending Scraper,Germany,16
Bing Scraper,United States,14
Bing Scraper,Canada,13
Bing Scraper,France,13
Bing Scraper,United Kingdom,14
Bing Scraper,Germany,14
Bing Images Scraper,United States,5
Bing Images Scraper,Canada,4
Bing Images Scraper,France,5
Bing Images Scraper,United Kingdom,5
Bing Images Scraper,Germany,5
Bing Videos Scraper,United States,16
Bing Videos Scraper,Canada,16
Bing Videos Scraper,France,16
Bing Videos Scraper,United Kingdom,16
Bing Videos Scraper,Germany,16
Yahoo Scraper,United States,68
Yahoo Scraper,Canada,67
Yahoo Scraper,France,68
Yahoo Scraper,United Kingdom,68
Yahoo Scraper,Germany,68
Yahoo Images Scraper,United States,2
Yahoo Images Scraper,Canada,2
Yahoo Images Scraper,France,2
Yahoo Images Scraper,United Kingdom,2
Yahoo Images Scraper,Germany,2
Yahoo Videos Scraper,United States,1
Yahoo Videos Scraper,Canada,1
Yahoo Videos Scraper,France,1
Yahoo Videos Scraper,United Kingdom,1
Yahoo Videos Scraper,Germany,1
Walmart Scraper,United States,41
Walmart Scraper,Canada,40
Walmart Scraper,France,63
Walmart Scraper,United Kingdom,63
Walmart Scraper,Germany,63
Yelp Scraper,United States,72
Yelp Scraper,Canada,71
Yelp Scraper,France,71
Yelp Scraper,United Kingdom,47
Yelp Scraper,Germany,45
Home Depot Scraper,United States,79
Home Depot Scraper,Canada,48
Home Depot Scraper,France,84
Home Depot Scraper,United Kingdom,85
Home Depot Scraper,Germany,86
Youtube Scraper,United States,
Youtube Scraper,Canada,56
Youtube Scraper,France,
Youtube Scraper,United Kingdom,
Youtube Scraper,Germany,
Google Play Scraper,United States,13
Google Play Scraper,Canada,13
Google Play Scraper,France,14
Google Play Scraper,United Kingdom,13
Google Play Scraper,Germany,13
Apple Store Scraper,United States,6
Apple Store Scraper,Canada,7
Apple Store Scraper,France,7
Apple Store Scraper,United Kingdom,7
Apple Store Scraper,Germany,7