Keyword,Location
serpapi,United States
serpapi,Canada
serpapi,France
serpapi,United Kingdom
serpapi,Germany
serp api,United States
serp api,Canada
serp api,France
serp api,United Kingdom
serp api,Germany
Google Search API,United States
Google Search API,Canada
Google Search API,France
Google Search API,United Kingdom
Google Search API,Germany
Google Search Results API,United States
Google Search Results API,Canada
Google Search Results API,France
Google Search Results API,United Kingdom
Google Search Results API,Germany
Google Organic Results API,United States
Google Organic Results API,Canada
Google Organic Results API,France
Google Organic Results API,United Kingdom
Google Organic Results API,Germany
google serp api,United States
google serp api,Canada
google serp api,France
google serp api,United Kingdom
google serp api,Germany
serps api,United States
serps api,Canada
serps api,France
serps api,United Kingdom
serps api,Germany
Google Search Engine API,United States
Google Search Engine API,Canada
Google Search Engine API,France
Google Search Engine API,United Kingdom
Google Search Engine API,Germany
Google Local Pack API ,United States
Google Local Pack API ,Canada
Google Local Pack API ,France
Google Local Pack API ,United Kingdom
Google Local Pack API ,Germany
Knowledge Graph API,United States
Knowledge Graph API,Canada
Knowledge Graph API,France
Knowledge Graph API,United Kingdom
Knowledge Graph API,Germany
Google Results API,United States
Google Results API,Canada
Google Results API,France
Google Results API,United Kingdom
Google Results API,Germany
Search Results API,United States
Search Results API,Canada
Search Results API,France
Search Results API,United Kingdom
Search Results API,Germany
Google News Results API,United States
Google News Results API,Canada
Google News Results API,France
Google News Results API,United Kingdom
Google News Results API,Germany
Google News API,United States
Google News API,Canada
Google News API,France
Google News API,United Kingdom
Google News API,Germany
News Results API,United States
News Results API,Canada
News Results API,France
News Results API,United Kingdom
News Results API,Germany
Search API,United States
Search API,Canada
Search API,France
Search API,United Kingdom
Search API,Germany
Google Shopping Results API,United States
Google Shopping Results API,Canada
Google Shopping Results API,France
Google Shopping Results API,United Kingdom
Google Shopping Results API,Germany
Google Shopping API,United States
Google Shopping API,Canada
Google Shopping API,France
Google Shopping API,United Kingdom
Google Shopping API,Germany
Shopping Results API,United States
Shopping Results API,Canada
Shopping Results API,France
Shopping Results API,United Kingdom
Shopping Results API,Germany
Images Results API,United States
Images Results API,Canada
Images Results API,France
Images Results API,United Kingdom
Images Results API,Germany
Google Images API,United States
Google Images API,Canada
Google Images API,France
Google Images API,United Kingdom
Google Images API,Germany
Google Images Results API,United States
Google Images Results API,Canada
Google Images Results API,France
Google Images Results API,United Kingdom
Google Images Results API,Germany
Scrape Google Images,United States
Scrape Google Images,Canada
Scrape Google Images,France
Scrape Google Images,United Kingdom
Scrape Google Images,Germany
Scrape Images Results,United States
Scrape Images Results,Canada
Scrape Images Results,France
Scrape Images Results,United Kingdom
Scrape Images Results,Germany
Scrape Google Search,United States
Scrape Google Search,Canada
Scrape Google Search,France
Scrape Google Search,United Kingdom
Scrape Google Search,Germany
Scrape Google Results,United States
Scrape Google Results,Canada
Scrape Google Results,France
Scrape Google Results,United Kingdom
Scrape Google Results,Germany
google scrape api,United States
Google Product Results API,United States
Google Product Results API,Canada
Google Product Results API,France
Google Product Results API,United Kingdom
Google Product Results API,Germany
Google Product API,United States
Google Product API,Canada
Google Product API,France
Google Product API,United Kingdom
Google Product API,Germany
Scrape Google Product,United States
Scrape Google Product,Canada
Scrape Google Product,France
Scrape Google Product,United Kingdom
Scrape Google Product,Germany
Scrape Google Product Page,United States
Scrape Google Product Page,Canada
Scrape Google Product Page,France
Scrape Google Product Page,United Kingdom
Scrape Google Product Page,Germany
Google Product Page API,United States
Google Product Page API,Canada
Google Product Page API,France
Google Product Page API,United Kingdom
Google Product Page API,Germany
Google Reviews Results API,United States
Google Reviews Results API,Canada
Google Reviews Results API,France
Google Reviews Results API,United Kingdom
Google Reviews Results API,Germany
Google Reviews API,United States
Google Reviews API,Canada
Google Reviews API,France
Google Reviews API,United Kingdom
Google Reviews API,Germany
Google Product Reviews API,United States
Google Product Reviews API,Canada
Google Product Reviews API,France
Google Product Reviews API,United Kingdom
Google Product Reviews API,Germany
Scrape Google Reviews,United States
Scrape Google Reviews,Canada
Scrape Google Reviews,France
Scrape Google Reviews,United Kingdom
Scrape Google Reviews,Germany
Scrape Google Product Reviews,United States
Scrape Google Product Reviews,Canada
Scrape Google Product Reviews,France
Scrape Google Product Reviews,United Kingdom
Scrape Google Product Reviews,Germany
Google Product Information API,United States
Google Product Information API,Canada
Google Product Information API,France
Google Product Information API,United Kingdom
Google Product Information API,Germany
Scrape Product Information,United States
Scrape Product Information,Canada
Scrape Product Information,France
Scrape Product Information,United Kingdom
Scrape Product Information,Germany
Google Online Sellers API,United States
Google Online Sellers API,Canada
Google Online Sellers API,France
Google Online Sellers API,United Kingdom
Google Online Sellers API,Germany
Google Local Sellers API,United States
Google Local Sellers API,Canada
Google Local Sellers API,France
Google Local Sellers API,United Kingdom
Google Local Sellers API,Germany
Google Sellers API,United States
Google Sellers API,Canada
Google Sellers API,France
Google Sellers API,United Kingdom
Google Sellers API,Germany
Scrape Google Sellers,United States
Scrape Google Sellers,Canada
Scrape Google Sellers,France
Scrape Google Sellers,United Kingdom
Scrape Google Sellers,Germany
Scrape Google Product Sellers,United States
Scrape Google Product Sellers,Canada
Scrape Google Product Sellers,France
Scrape Google Product Sellers,United Kingdom
Scrape Google Product Sellers,Germany
Google Product Sellers API,United States
Google Product Sellers API,Canada
Google Product Sellers API,France
Google Product Sellers API,United Kingdom
Google Product Sellers API,Germany
Scrape Google Local Sellers,United States
Scrape Google Local Sellers,Canada
Scrape Google Local Sellers,France
Scrape Google Local Sellers,United Kingdom
Scrape Google Local Sellers,Germany
Scrape Google Online Sellers,United States
Scrape Google Online Sellers,Canada
Scrape Google Online Sellers,France
Scrape Google Online Sellers,United Kingdom
Scrape Google Online Sellers,Germany
Bing Search API,United States
Bing Search API,Canada
Bing Search API,France
Bing Search API,United Kingdom
Bing Search API,Germany
Bing Search Engine API,United States
Bing Search Engine API,Canada
Bing Search Engine API,France
Bing Search Engine API,United Kingdom
Bing Search Engine API,Germany
Bing Search Engine Results API,United States
Bing Search Engine Results API,Canada
Bing Search Engine Results API,France
Bing Search Engine Results API,United Kingdom
Bing Search Engine Results API,Germany
Scrape Bing search,United States
Scrape Bing search,Canada
Scrape Bing search,France
Scrape Bing search,United Kingdom
Scrape Bing search,Germany
Scrape Bing search results,United States
Scrape Bing search results,Canada
Scrape Bing search results,France
Scrape Bing search results,United Kingdom
Scrape Bing search results,Germany
Bing Organic Results API,United States
Bing Organic Results API,Canada
Bing Organic Results API,France
Bing Organic Results API,United Kingdom
Bing Organic Results API,Germany
Scrape Bing Organic Results,United States
Scrape Bing Organic Results,Canada
Scrape Bing Organic Results,France
Scrape Bing Organic Results,United Kingdom
Bing Ad Results API,United States
Bing Ad Results API,Canada
Bing Ad Results API,France
Bing Ad Results API,United Kingdom
Bing Ad Results API,Germany
Scrape Bing Ad Results,United States
Scrape Bing Ad Results,Canada
Scrape Bing Ad Results,France
Scrape Bing Ad Results,United Kingdom
Scrape Bing Ad Results,Germany
Bing Knowledge Graph API,United States
Bing Knowledge Graph API,Canada
Bing Knowledge Graph API,France
Bing Knowledge Graph API,United Kingdom
Bing Knowledge Graph API,Germany
Scrape Bing Knowledge Graph,United States
Scrape Bing Knowledge Graph,Canada
Scrape Bing Knowledge Graph,France
Scrape Bing Knowledge Graph,United Kingdom
Scrape Bing Knowledge Graph,Germany
Google Spelling Check API,United States
Google Spelling Check API,Canada
Google Spelling Check API,France
Google Spelling Check API,United Kingdom
Google Spelling Check API,Germany
Google Spell Check API,United States
Google Spell Check API,Canada
Google Spell Check API,France
Google Spell Check API,United Kingdom
Google Spell Check API,Germany
Spell Check API,United States
Spell Check API,Canada
Spell Check API,France
Spell Check API,United Kingdom
Spell Check API,Germany
Google Scholar API,United States
Google Scholar API,Canada
Google Scholar API,France
Google Scholar API,United Kingdom
Google Scholar API,Germany
Scrape Google Scholar,United States
Scrape Google Scholar,Canada
Scrape Google Scholar,France
Scrape Google Scholar,United Kingdom
Scrape Google Scholar,Germany
google image search api,United States
google image search api,Canada
google image search api,France
google image search api,United Kingdom
google image search api,Germany
google sports api,United States
google sports api,Canada
google sports api,France
google sports api,United Kingdom
google sports api,Germany
Ebay Organic Results API,United States
Ebay Organic Results API,Canada
Ebay Organic Results API,France
Ebay Organic Results API,United Kingdom
Ebay Organic Results API,Germany
Ebay Related Items API,United States
Ebay Related Items API,Canada
Ebay Related Items API,France
Ebay Related Items API,United Kingdom
Ebay Related Items API,Germany
Ebay Related Searches API,United States
Ebay Related Searches API,Canada
Ebay Related Searches API,France
Ebay Related Searches API,United Kingdom
Ebay Related Searches API,Germany
Ebay Search Engine Results API,United States
Ebay Search Engine Results API,Canada
Ebay Search Engine Results API,France
Ebay Search Engine Results API,United Kingdom
Ebay Search Engine Results API,Germany
Google Direct Answer Box API,United States
Google Direct Answer Box API,Canada
Google Direct Answer Box API,France
Google Direct Answer Box API,United Kingdom
Google Direct Answer Box API,Germany
Google Events Engine Results API,United States
Google Events Engine Results API,Canada
Google Events Engine Results API,France
Google Events Engine Results API,United Kingdom
Google Events Engine Results API,Germany
Google Maps API,United States
Google Maps API,Canada
Google Maps API,France
Google Maps API,United Kingdom
Google Maps API,Germany
Google Maps Local Results API,United States
Google Maps Local Results API,Canada
Google Maps Local Results API,France
Google Maps Local Results API,United Kingdom
Google Maps Local Results API,Germany
Google Maps Place Results API,United States
Google Maps Place Results API,Canada
Google Maps Place Results API,France
Google Maps Place Results API,United Kingdom
Google Maps Place Results API,Germany
Google Related Questions API,United States
Google Related Questions API,Canada
Google Related Questions API,France
Google Related Questions API,United Kingdom
Google Related Questions API,Germany
Google Related Searches API,United States
Google Related Searches API,Canada
Google Related Searches API,France
Google Related Searches API,United Kingdom
Google Related Searches API,Germany
Google Reverse Image API,United States
Google Reverse Image API,Canada
Google Reverse Image API,France
Google Reverse Image API,United Kingdom
Google Reverse Image API,Germany
Google Inline Images API,United States
Google Inline Images API,Canada
Google Inline Images API,France
Google Inline Images API,United Kingdom
Google Inline Images API,Germany
Google Inline Shopping API,United States
Google Inline Shopping API,Canada
Google Inline Shopping API,France
Google Inline Shopping API,United Kingdom
Google Inline Shopping API,Germany
Google Jobs Results API,United States
Google Jobs Results API,Canada
Google Jobs Results API,France
Google Jobs Results API,United Kingdom
Google Jobs Results API,Germany
Google Knowledge Graph API,United States
Google Knowledge Graph API,Canada
Google Knowledge Graph API,France
Google Knowledge Graph API,United Kingdom
Google Knowledge Graph API,Germany
Google Local Pack API,United States
Google Local Pack API,Canada
Google Local Pack API,France
Google Local Pack API,United Kingdom
Google Local Pack API,Germany
Google Local Places Results API,United States
Google Local Places Results API,Canada
Google Local Places Results API,France
Google Local Places Results API,United Kingdom
Google Local Places Results API,Germany
scrape google local results,United States
Baidu Organic Results API,United States
Baidu Organic Results API,Canada
Baidu Organic Results API,France
Baidu Organic Results API,United Kingdom
Baidu Organic Results API,Germany
Baidu Search Engine Results API,United States
Baidu Search Engine Results API,Canada
Baidu Search Engine Results API,France
Baidu Search Engine Results API,United Kingdom
Baidu Search Engine Results API,Germany
Google Scholar Cite API,United States
Google Scholar Cite API,Canada
Google Scholar Cite API,France
Google Scholar Cite API,United Kingdom
Google Scholar Cite API,Germany
Google Scholar Organic Results API,United States
Google Scholar Organic Results API,Canada
Google Scholar Organic Results API,France
Google Scholar Organic Results API,United Kingdom
Google Scholar Organic Results API,Germany
Google Search Engine Results API,United States
Google Search Engine Results API,Canada
Google Search Engine Results API,France
Google Search Engine Results API,United Kingdom
Google Search Engine Results API,Germany
Google Top Carousel API,United States
Google Top Carousel API,Canada
Google Top Carousel API,France
Google Top Carousel API,United Kingdom
Google Top Carousel API,Germany
Google Top Stories API,United States
Google Top Stories API,Canada
Google Top Stories API,France
Google Top Stories API,United Kingdom
Google Top Stories API,Germany
Google Twitter Results API,United States
Google Twitter Results API,Canada
Google Twitter Results API,France
Google Twitter Results API,United Kingdom
Google Twitter Results API,Germany
Google Video Results API,United States
Google Video Results API,Canada
Google Video Results API,France
Google Video Results API,United Kingdom
Google Video Results API,Germany
Yahoo! Ad Results API,United States
Yahoo! Ad Results API,Canada
Yahoo! Ad Results API,France
Yahoo! Ad Results API,United Kingdom
Yahoo! Ad Results API,Germany
Yahoo! Local Pack API,United States
Yahoo! Local Pack API,Canada
Yahoo! Local Pack API,France
Yahoo! Local Pack API,United Kingdom
Yahoo! Local Pack API,Germany
Yahoo! Organic Results API,United States
Yahoo! Organic Results API,Canada
Yahoo! Organic Results API,France
Yahoo! Organic Results API,United Kingdom
Yahoo! Organic Results API,Germany
Yahoo! Related Questions API,United States
Yahoo! Related Questions API,Canada
Yahoo! Related Questions API,France
Yahoo! Related Questions API,United Kingdom
Yahoo! Related Questions API,Germany
Yahoo! Related Searches API,United States
Yahoo! Related Searches API,Canada
Yahoo! Related Searches API,France
Yahoo! Related Searches API,United Kingdom
Yahoo! Related Searches API,Germany
Yahoo! Search Engine Results API,United States
Yahoo! Search Engine Results API,Canada
Yahoo! Search Engine Results API,France
Yahoo! Search Engine Results API,United Kingdom
Yahoo! Search Engine Results API,Germany
Yahoo! Trending Searches API,United States
Yahoo! Trending Searches API,Canada
Yahoo! Trending Searches API,France
Yahoo! Trending Searches API,United Kingdom
Yahoo! Trending Searches API,Germany
Yandex Inline Images Results API,United States
Yandex Inline Images Results API,Canada
Yandex Inline Images Results API,France
Yandex Inline Images Results API,United Kingdom
Yandex Inline Images Results API,Germany
Yandex Inline Videos API,United States
Yandex Inline Videos API,Canada
Yandex Inline Videos API,France
Yandex Inline Videos API,United Kingdom
Yandex Inline Videos API,Germany
Yandex Knowledge Graph API,United States
Yandex Knowledge Graph API,Canada
Yandex Knowledge Graph API,France
Yandex Knowledge Graph API,United Kingdom
Yandex Knowledge Graph API,Germany
Yandex Organic Results API,United States
Yandex Organic Results API,Canada
Yandex Organic Results API,France
Yandex Organic Results API,United Kingdom
Yandex Organic Results API,Germany
Yandex Search Engine Results API,United States
Yandex Search Engine Results API,Canada
Yandex Search Engine Results API,France
Yandex Search Engine Results API,United Kingdom
Yandex Search Engine Results API,Germany
Yandex Spell Check API,United States
Yandex Spell Check API,Canada
Yandex Spell Check API,France
Yandex Spell Check API,United Kingdom
Yandex Spell Check API,Germany
YouTube Ad Results API,United States
YouTube Ad Results API,Canada
YouTube Ad Results API,France
YouTube Ad Results API,United Kingdom
YouTube Ad Results API,Germany
YouTube Categorie Results API,United States
YouTube Categorie Results API,Canada
YouTube Categorie Results API,France
YouTube Categorie Results API,United Kingdom
YouTube Categorie Results API,Germany
YouTube Channel Results API,United States
YouTube Channel Results API,Canada
YouTube Channel Results API,France
YouTube Channel Results API,United Kingdom
YouTube Channel Results API,Germany
YouTube Movie Results API,United States
YouTube Movie Results API,Canada
YouTube Movie Results API,France
YouTube Movie Results API,United Kingdom
YouTube Movie Results API,Germany
YouTube Playlist Results API,United States
YouTube Playlist Results API,Canada
YouTube Playlist Results API,France
YouTube Playlist Results API,United Kingdom
YouTube Playlist Results API,Germany
YouTube Related Searches API,United States
YouTube Related Searches API,Canada
YouTube Related Searches API,France
YouTube Related Searches API,United Kingdom
YouTube Related Searches API,Germany
YouTube Search Engine Results API,United States
YouTube Search Engine Results API,Canada
YouTube Search Engine Results API,France
YouTube Search Engine Results API,United Kingdom
YouTube Search Engine Results API,Germany
YouTube Video Results API,United States
YouTube Video Results API,Canada
YouTube Video Results API,France
YouTube Video Results API,United Kingdom
YouTube Video Results API,Germany
Bing Local Pack API,United States
Bing Local Pack API,Canada
Bing Local Pack API,France
Bing Local Pack API,United Kingdom
Bing Local Pack API,Germany
Bing Related Questions API,United States
Bing Related Questions API,Canada
Bing Related Questions API,France
Bing Related Questions API,United Kingdom
Bing Related Questions API,Germany
Bing Related Searches API,United States
Bing Related Searches API,Canada
Bing Related Searches API,France
Bing Related Searches API,United Kingdom
Bing Related Searches API,Germany
Google Events Results API,United States
Google Events Results API,Canada
Google Events Results API,France
Google Events Results API,United Kingdom
Google Events Results API,Germany
Google News Result API,United States
Google News Result API,Canada
Google News Result API,France
Google News Result API,United Kingdom
Google News Result API,Germany
Google Specs Results API,United States
Google Specs Results API,Canada
Google Specs Results API,France
Google Specs Results API,United Kingdom
Google Specs Results API,Germany
Scrape Baidu Organic Results,United States
Scrape Baidu Organic Results,Canada
Scrape Baidu Organic Results,France
Scrape Baidu Organic Results,United Kingdom
Scrape Baidu Organic Results,Germany
Scrape Baidu Search Results,United States
Scrape Baidu Search Results,Canada
Scrape Baidu Search Results,France
Scrape Baidu Search Results,United Kingdom
Scrape Baidu Search Results,Germany
Scrape Bing Local Pack,United States
Scrape Bing Local Pack,Canada
Scrape Bing Local Pack,France
Scrape Bing Local Pack,United Kingdom
Scrape Bing Local Pack,Germany
Scrape Bing Related Questions,United States
Scrape Bing Related Questions,Canada
Scrape Bing Related Questions,France
Scrape Bing Related Questions,United Kingdom
Scrape Bing Related Questions,Germany
Scrape Bing Related Searches,United States
Scrape Bing Related Searches,Canada
Scrape Bing Related Searches,France
Scrape Bing Related Searches,United Kingdom
Scrape Bing Related Searches,Germany
Scrape Ebay Organic Results,United States
Scrape Ebay Organic Results,Canada
Scrape Ebay Organic Results,France
Scrape Ebay Organic Results,United Kingdom
Scrape Ebay Organic Results,Germany
Scrape Ebay Related Items,United States
Scrape Ebay Related Items,Canada
Scrape Ebay Related Items,France
Scrape Ebay Related Items,United Kingdom
Scrape Ebay Related Items,Germany
Scrape Ebay Related Searches,United States
Scrape Ebay Related Searches,Canada
Scrape Ebay Related Searches,France
Scrape Ebay Related Searches,United Kingdom
Scrape Ebay Related Searches,Germany
Scrape Ebay Search Results,United States
Scrape Ebay Search Results,Canada
Scrape Ebay Search Results,France
Scrape Ebay Search Results,United Kingdom
Scrape Ebay Search Results,Germany
Scrape Google Direct Answer Box,United States
Scrape Google Direct Answer Box,Canada
Scrape Google Direct Answer Box,France
Scrape Google Direct Answer Box,United Kingdom
Scrape Google Direct Answer Box,Germany
Scrape Google Events Results,United States
Scrape Google Events Results,Canada
Scrape Google Events Results,France
Scrape Google Events Results,United Kingdom
Scrape Google Events Results,Germany
Scrape Google Events Results,United States
Scrape Google Events Results,Canada
Scrape Google Events Results,France
Scrape Google Events Results,United Kingdom
Scrape Google Events Results,Germany
Scrape Google Inline Images,United States
Scrape Google Inline Images,Canada
Scrape Google Inline Images,France
Scrape Google Inline Images,United Kingdom
Scrape Google Inline Images,Germany
Scrape Google Inline Shopping,United States
Scrape Google Inline Shopping,Canada
Scrape Google Inline Shopping,France
Scrape Google Inline Shopping,United Kingdom
Scrape Google Inline Shopping,Germany
Scrape Google Jobs Results,United States
Scrape Google Jobs Results,Canada
Scrape Google Jobs Results,France
Scrape Google Jobs Results,United Kingdom
Scrape Google Jobs Results,Germany
Scrape Google Knowledge Graph,United States
Scrape Google Knowledge Graph,Canada
Scrape Google Knowledge Graph,France
Scrape Google Knowledge Graph,United Kingdom
Scrape Google Knowledge Graph,Germany
Scrape Google Local Pack,United States
Scrape Google Local Pack,Canada
Scrape Google Local Pack,France
Scrape Google Local Pack,United Kingdom
Scrape Google Local Pack,Germany
Scrape Google Local Pack,United States
Scrape Google Local Pack,Canada
Scrape Google Local Pack,France
Scrape Google Local Pack,United Kingdom
Scrape Google Local Pack,Germany
Scrape Google Local Places Results,United States
Scrape Google Local Places Results,Canada
Scrape Google Local Places Results,France
Scrape Google Local Places Results,United Kingdom
Scrape Google Local Places Results,Germany
Scrape Google Maps,United States
Scrape Google Maps,Canada
Scrape Google Maps,France
Scrape Google Maps,United Kingdom
Scrape Google Maps,Germany
Scrape Google Maps Local Results,United States
Scrape Google Maps Local Results,Canada
Scrape Google Maps Local Results,France
Scrape Google Maps Local Results,United Kingdom
Scrape Google Maps Local Results,Germany
Scrape Google Maps Place Results,United States
Scrape Google Maps Place Results,Canada
Scrape Google Maps Place Results,France
Scrape Google Maps Place Results,United Kingdom
Scrape Google Maps Place Results,Germany
scrape google maps search results,Germany
Scrape Google News,United States
Scrape Google News,Canada
Scrape Google News,France
Scrape Google News,United Kingdom
Scrape Google News,Germany
Scrape Google News Results,United States
Scrape Google News Results,Canada
Scrape Google News Results,France
Scrape Google News Results,United Kingdom
Scrape Google News Results,Germany
Scrape Google Related Questions,United States
Scrape Google Related Questions,Canada
Scrape Google Related Questions,France
Scrape Google Related Questions,United Kingdom
Scrape Google Related Questions,Germany
Scrape Google Related Searches,United States
Scrape Google Related Searches,Canada
Scrape Google Related Searches,France
Scrape Google Related Searches,United Kingdom
Scrape Google Related Searches,Germany
Scrape Google Reverse Image,United States
Scrape Google Reverse Image,Canada
Scrape Google Reverse Image,France
Scrape Google Reverse Image,United Kingdom
Scrape Google Reverse Image,Germany
Scrape Google Scholar Cite,United States
Scrape Google Scholar Cite,Canada
Scrape Google Scholar Cite,France
Scrape Google Scholar Cite,United Kingdom
Scrape Google Scholar Cite,Germany
Scrape Google Shopping,United States
Scrape Google Shopping,Canada
Scrape Google Shopping,France
Scrape Google Shopping,United Kingdom
Scrape Google Shopping,Germany
Scrape Google Shopping Results,United States
Scrape Google Shopping Results,Canada
Scrape Google Shopping Results,France
Scrape Google Shopping Results,United Kingdom
Scrape Google Shopping Results,Germany
Scrape Google Specs Results,United States
Scrape Google Specs Results,Canada
Scrape Google Specs Results,France
Scrape Google Specs Results,United Kingdom
Scrape Google Specs Results,Germany
Scrape Google Spell Check,United States
Scrape Google Spell Check,Canada
Scrape Google Spell Check,France
Scrape Google Spell Check,United Kingdom
Scrape Google Spell Check,Germany
Scrape Google Spelling Check,United States
Scrape Google Spelling Check,Canada
Scrape Google Spelling Check,France
Scrape Google Spelling Check,United Kingdom
Scrape Google Spelling Check,Germany
Scrape Google Top Carousel,United States
Scrape Google Top Carousel,Canada
Scrape Google Top Carousel,France
Scrape Google Top Carousel,United Kingdom
Scrape Google Top Carousel,Germany
Scrape Google Top Stories,United States
Scrape Google Top Stories,Canada
Scrape Google Top Stories,France
Scrape Google Top Stories,United Kingdom
Scrape Google Top Stories,Germany
Scrape Google Twitter Results,United States
Scrape Google Twitter Results,Canada
Scrape Google Twitter Results,France
Scrape Google Twitter Results,United Kingdom
Scrape Google Twitter Results,Germany
Scrape Google Video Results,United States
Scrape Google Video Results,Canada
Scrape Google Video Results,France
Scrape Google Video Results,United Kingdom
Scrape Google Video Results,Germany
Scrape Yahoo! Ad Results,United States
Scrape Yahoo! Ad Results,Canada
Scrape Yahoo! Ad Results,France
Scrape Yahoo! Ad Results,United Kingdom
Scrape Yahoo! Ad Results,Germany
Scrape Yahoo! Local Pack,United States
Scrape Yahoo! Local Pack,Canada
Scrape Yahoo! Local Pack,France
Scrape Yahoo! Local Pack,United Kingdom
Scrape Yahoo! Local Pack,Germany
Scrape Yahoo! Organic Results,United States
Scrape Yahoo! Organic Results,Canada
Scrape Yahoo! Organic Results,France
Scrape Yahoo! Organic Results,United Kingdom
Scrape Yahoo! Organic Results,Germany
Scrape Yahoo! Related Questions,United States
Scrape Yahoo! Related Questions,Canada
Scrape Yahoo! Related Questions,France
Scrape Yahoo! Related Questions,United Kingdom
Scrape Yahoo! Related Questions,Germany
Scrape Yahoo! Related Searches,United States
Scrape Yahoo! Related Searches,Canada
Scrape Yahoo! Related Searches,France
Scrape Yahoo! Related Searches,United Kingdom
Scrape Yahoo! Related Searches,Germany
Scrape Yahoo! Search Results,United States
Scrape Yahoo! Search Results,Canada
Scrape Yahoo! Search Results,France
Scrape Yahoo! Search Results,United Kingdom
Scrape Yahoo! Search Results,Germany
Scrape Yahoo! Trending Searches,United States
Scrape Yahoo! Trending Searches,Canada
Scrape Yahoo! Trending Searches,France
Scrape Yahoo! Trending Searches,United Kingdom
Scrape Yahoo! Trending Searches,Germany
Scrape Yandex Inline Images Results,United States
Scrape Yandex Inline Images Results,Canada
Scrape Yandex Inline Images Results,France
Scrape Yandex Inline Images Results,United Kingdom
Scrape Yandex Inline Images Results,Germany
Scrape Yandex Inline Videos,United States
Scrape Yandex Inline Videos,Canada
Scrape Yandex Inline Videos,France
Scrape Yandex Inline Videos,United Kingdom
Scrape Yandex Inline Videos,Germany
Scrape Yandex Knowledge Graph,United States
Scrape Yandex Knowledge Graph,Canada
Scrape Yandex Knowledge Graph,France
Scrape Yandex Knowledge Graph,United Kingdom
Scrape Yandex Knowledge Graph,Germany
Scrape Yandex Organic Results,United States
Scrape Yandex Organic Results,Canada
Scrape Yandex Organic Results,France
Scrape Yandex Organic Results,United Kingdom
Scrape Yandex Organic Results,Germany
Scrape Yandex Search Results,United States
Scrape Yandex Search Results,Canada
Scrape Yandex Search Results,France
Scrape Yandex Search Results,United Kingdom
Scrape Yandex Search Results,Germany
Scrape Yandex Spell Check,United States
Scrape Yandex Spell Check,Canada
Scrape Yandex Spell Check,France
Scrape Yandex Spell Check,United Kingdom
Scrape Yandex Spell Check,Germany
Scrape YouTube Ad Results,United States
Scrape YouTube Ad Results,Canada
Scrape YouTube Ad Results,France
Scrape YouTube Ad Results,United Kingdom
Scrape YouTube Ad Results,Germany
Scrape YouTube Categorie Results,United States
Scrape YouTube Categorie Results,Canada
Scrape YouTube Categorie Results,France
Scrape YouTube Categorie Results,United Kingdom
Scrape YouTube Categorie Results,Germany
Scrape YouTube Channel Results,United States
Scrape YouTube Channel Results,Canada
Scrape YouTube Channel Results,France
Scrape YouTube Channel Results,United Kingdom
Scrape YouTube Channel Results,Germany
Scrape YouTube Movie Results,United States
Scrape YouTube Movie Results,Canada
Scrape YouTube Movie Results,France
Scrape YouTube Movie Results,United Kingdom
Scrape YouTube Movie Results,Germany
Scrape YouTube Playlist Results,United States
Scrape YouTube Playlist Results,Canada
Scrape YouTube Playlist Results,France
Scrape YouTube Playlist Results,United Kingdom
Scrape YouTube Playlist Results,Germany
Scrape YouTube Related Searches,United States
Scrape YouTube Related Searches,Canada
Scrape YouTube Related Searches,France
Scrape YouTube Related Searches,United Kingdom
Scrape YouTube Related Searches,Germany
Scrape YouTube Search Results,United States
Scrape YouTube Search Results,Canada
Scrape YouTube Search Results,France
Scrape YouTube Search Results,United Kingdom
Scrape YouTube Search Results,Germany
Scrape YouTube Video Results,United States
Scrape YouTube Video Results,Canada
Scrape YouTube Video Results,France
Scrape YouTube Video Results,United Kingdom
Scrape YouTube Video Results,Germany
Google Autocomplete API,United States
Google Autocomplete API,Canada
Google Autocomplete API,France
Google Autocomplete API,United Kingdom
Google Autocomplete API,Germany
Scrape Google Autocomplete,United States
Scrape Google Autocomplete,Canada
Scrape Google Autocomplete,France
Scrape Google Autocomplete,United Kingdom
Scrape Google Autocomplete,Germany
Google Jobs Listing Results API,United States
Google Jobs Listing Results API,Canada
Google Jobs Listing Results API,France
Google Jobs Listing Results API,United Kingdom
Google Jobs Listing Results API,Germany
Google Jobs Listing API,United States
Google Jobs Listing API,Canada
Google Jobs Listing API,France
Google Jobs Listing API,United Kingdom
Google Jobs Listing API,Germany
Scrape Google Jobs Listing,United States
Scrape Google Jobs Listing,Canada
Scrape Google Jobs Listing,France
Scrape Google Jobs Listing,United Kingdom
Scrape Google Jobs Listing,Germany
Walmart Search Engine Results API,United States
Walmart Search Engine Results API,Canada
Walmart Search Engine Results API,France
Walmart Search Engine Results API,United Kingdom
Walmart Search Engine Results API,Germany
Walmart Featured Item API,United States
Walmart Featured Item API,Canada
Walmart Featured Item API,France
Walmart Featured Item API,United Kingdom
Walmart Featured Item API,Germany
Walmart Filters API,United States
Walmart Filters API,Canada
Walmart Filters API,France
Walmart Filters API,United Kingdom
Walmart Filters API,Germany
Walmart Organic Results API,United States
Walmart Organic Results API,Canada
Walmart Organic Results API,France
Walmart Organic Results API,United Kingdom
Walmart Organic Results API,Germany
Walmart Pagination API,United States
Walmart Pagination API,Canada
Walmart Pagination API,France
Walmart Pagination API,United Kingdom
Walmart Pagination API,Germany
Walmart Product API,United States
Walmart Product API,Canada
Walmart Product API,France
Walmart Product API,United Kingdom
Walmart Product API,Germany
Walmart Product Result API,United States
Walmart Product Result API,Canada
Walmart Product Result API,France
Walmart Product Result API,United Kingdom
Walmart Product Result API,Germany
Walmart Reviews Results API,United States
Walmart Reviews Results API,Canada
Walmart Reviews Results API,France
Walmart Reviews Results API,United Kingdom
Walmart Reviews Results API,Germany
Walmart Related Queries API,United States
Walmart Related Queries API,Canada
Walmart Related Queries API,France
Walmart Related Queries API,United Kingdom
Walmart Related Queries API,Germany
Walmart Spell Check API,United States
Walmart Spell Check API,Canada
Walmart Spell Check API,France
Walmart Spell Check API,United Kingdom
Walmart Spell Check API,Germany
Scrape Walmart Search Engine Results,United States
Scrape Walmart Search Engine Results,Canada
Scrape Walmart Search Engine Results,France
Scrape Walmart Search Engine Results,United Kingdom
Scrape Walmart Search Engine Results,Germany
Scrape Walmart Featured Item,United States
Scrape Walmart Featured Item,Canada
Scrape Walmart Featured Item,France
Scrape Walmart Featured Item,United Kingdom
Scrape Walmart Featured Item,Germany
Scrape Walmart Filters,United States
Scrape Walmart Filters,Canada
Scrape Walmart Filters,France
Scrape Walmart Filters,United Kingdom
Scrape Walmart Filters,Germany
Scrape Walmart Organic Results,United States
Scrape Walmart Organic Results,Canada
Scrape Walmart Organic Results,France
Scrape Walmart Organic Results,United Kingdom
Scrape Walmart Organic Results,Germany
Scrape Walmart Pagination,United States
Scrape Walmart Pagination,Canada
Scrape Walmart Pagination,United Kingdom
Scrape Walmart Pagination,Germany
Scrape Walmart Product,United States
Scrape Walmart Product,Canada
Scrape Walmart Product,France
Scrape Walmart Product,United Kingdom
Scrape Walmart Product,Germany
Scrape Walmart Product Result,United States
Scrape Walmart Product Result,Canada
Scrape Walmart Product Result,France
Scrape Walmart Product Result,United Kingdom
Scrape Walmart Product Result,Germany
Scrape Walmart Reviews Results,United States
Scrape Walmart Reviews Results,Canada
Scrape Walmart Reviews Results,France
Scrape Walmart Reviews Results,United Kingdom
Scrape Walmart Reviews Results,Germany
Scrape Walmart Related Queries,United States
Scrape Walmart Related Queries,Canada
Scrape Walmart Related Queries,France
Scrape Walmart Related Queries,United Kingdom
Scrape Walmart Pagination,Germany
Scrape Walmart Spell Check,United States
Scrape Walmart Spell Check,Canada
Scrape Walmart Spell Check,France
Scrape Walmart Spell Check,United Kingdom
Scrape Walmart Spell Check,Germany
Scrape Walmart,United States
Scrape Walmart,Canada
Scrape Walmart,France
Scrape Walmart,United Kingdom
Scrape Walmart,Germany
LinkedIn Public Search Results API,United States
LinkedIn Public Search Results API,Canada
LinkedIn Public Search Results API,France
LinkedIn Public Search Results API,United Kingdom
LinkedIn Public Search Results API,Germany
Scrape LinkedIn Public Search Results,United States
Scrape LinkedIn Public Search Results,Canada
Scrape LinkedIn Public Search Results,France
Scrape LinkedIn Public Search Results,United Kingdom
Scrape LinkedIn Public Search Results,Germany
Apple App Store Reviews Scraper API,United States
Apple App Store Reviews Scraper API,Canada
Apple App Store Reviews Scraper API,France
Apple App Store Reviews Scraper API,United Kingdom
Apple App Store Reviews Scraper API,Germany
Apple App Store Search Scraper API,United States
Apple App Store Search Scraper API,Canada
Apple App Store Search Scraper API,France
Apple App Store Search Scraper API,United Kingdom
Apple App Store Search Scraper API,Germany
Apple Product Page Scraper API,United States
Apple Product Page Scraper API,Canada
Apple Product Page Scraper API,France
Apple Product Page Scraper API,United Kingdom
Apple Product Page Scraper API,Germany
Baidu Answer Box API,United States
Baidu Answer Box API,Canada
Baidu Answer Box API,France
Baidu Answer Box API,United Kingdom
Baidu Answer Box API,Germany
Baidu People Also Search For Results API,United States
Baidu People Also Search For Results API,Canada
Baidu People Also Search For Results API,France
Baidu People Also Search For Results API,United Kingdom
Baidu People Also Search For Results API,Germany
Baidu Related Searches Results API,United States
Baidu Related Searches Results API,Canada
Baidu Related Searches Results API,France
Baidu Related Searches Results API,United Kingdom
Baidu Related Searches Results API,Germany
Baidu Top Searches API,United States
Baidu Top Searches API,Canada
Baidu Top Searches API,France
Baidu Top Searches API,United Kingdom
Baidu Top Searches API,Germany
Bing Answer Box API,United States
Bing Answer Box API,Canada
Bing Answer Box API,France
Bing Answer Box API,United Kingdom
Bing Answer Box API,Germany
Bing News Engine Results API,United States
Bing News Engine Results API,Canada
Bing News Engine Results API,France
Bing News Engine Results API,United Kingdom
Bing News Engine Results API,Germany
Bing Recipes Results API,United States
Bing Recipes Results API,Canada
Bing Recipes Results API,France
Bing Recipes Results API,United Kingdom
Bing Recipes Results API,Germany
DuckDuckGo Ad Results API,United States
DuckDuckGo Ad Results API,Canada
DuckDuckGo Ad Results API,France
DuckDuckGo Ad Results API,United Kingdom
DuckDuckGo Ad Results API,Germany
DuckDuckGo Inline Images API,United States
DuckDuckGo Inline Images API,Canada
DuckDuckGo Inline Images API,France
DuckDuckGo Inline Images API,United Kingdom
DuckDuckGo Inline Images API,Germany
DuckDuckGo Inline Videos API,United States
DuckDuckGo Inline Videos API,Canada
DuckDuckGo Inline Videos API,France
DuckDuckGo Inline Videos API,United Kingdom
DuckDuckGo Inline Videos API,Germany
DuckDuckGo Knowledge Graph API,United States
DuckDuckGo Knowledge Graph API,Canada
DuckDuckGo Knowledge Graph API,France
DuckDuckGo Knowledge Graph API,United Kingdom
DuckDuckGo Knowledge Graph API,Germany
DuckDuckGo News Results API,United States
DuckDuckGo News Results API,Canada
DuckDuckGo News Results API,France
DuckDuckGo News Results API,United Kingdom
DuckDuckGo News Results API,Germany
DuckDuckGo Organic Results API,United States
DuckDuckGo Organic Results API,Canada
DuckDuckGo Organic Results API,France
DuckDuckGo Organic Results API,United Kingdom
DuckDuckGo Organic Results API,Germany
DuckDuckGo Related Searches API,United States
DuckDuckGo Related Searches API,Canada
DuckDuckGo Related Searches API,France
DuckDuckGo Related Searches API,United Kingdom
DuckDuckGo Related Searches API,Germany
DuckDuckGo Search Engine Results API,United States
DuckDuckGo Search Engine Results API,Canada
DuckDuckGo Search Engine Results API,France
DuckDuckGo Search Engine Results API,United Kingdom
DuckDuckGo Search Engine Results API,Germany
Google Ad Results API,United States
Google Ad Results API,Canada
Google Ad Results API,France
Google Ad Results API,United Kingdom
Google Ad Results API,Germany
Google Available On Results API,United States
Google Available On Results API,Canada
Google Available On Results API,France
Google Available On Results API,United Kingdom
Google Available On Results API,Germany
Google Broaden Searches API,United States
Google Broaden Searches API,Canada
Google Broaden Searches API,France
Google Broaden Searches API,United Kingdom
Google Broaden Searches API,Germany
"Google ""Discover More Places"" Results API",United States
"Google ""Discover More Places"" Results API",Canada
"Google ""Discover More Places"" Results API",France
"Google ""Discover More Places"" Results API",United Kingdom
"Google ""Discover More Places"" Results API",Germany
Google Events API,United States
Google Events API,Canada
Google Events API,France
Google Events API,United Kingdom
Google Events API,Germany
Google Inline People Also Search For Results API,United States
Google Inline People Also Search For Results API,Canada
Google Inline People Also Search For Results API,France
Google Inline People Also Search For Results API,United Kingdom
Google Inline People Also Search For Results API,Germany
Google Inline Products API,United States
Google Inline Products API,Canada
Google Inline Products API,France
Google Inline Products API,United Kingdom
Google Inline Products API,Germany
Google Inline Videos API,United States
Google Inline Videos API,Canada
Google Inline Videos API,France
Google Inline Videos API,United Kingdom
Google Inline Videos API,Germany
Google Jobs API,United States
Google Jobs API,Canada
Google Jobs API,France
Google Jobs API,United Kingdom
Google Jobs API,Germany
Google Local Ads Results API,United States
Google Local Ads Results API,Canada
Google Local Ads Results API,France
Google Local Ads Results API,United Kingdom
Google Local Ads Results API,Germany
"Google Local ""Places"" Results API",United States
"Google Local ""Places"" Results API",Canada
"Google Local ""Places"" Results API",France
"Google Local ""Places"" Results API",United Kingdom
"Google Local ""Places"" Results API",Germany
Google Local Services API,United States
Google Local Services API,Canada
Google Local Services API,France
Google Local Services API,United Kingdom
Google Local Services API,Germany
Google Maps Photos API,United States
Google Maps Photos API,Canada
Google Maps Photos API,France
Google Maps Photos API,United Kingdom
Google Maps Photos API,Germany
Google Maps Reviews API,United States
Google Maps Reviews API,Canada
Google Maps Reviews API,France
Google Maps Reviews API,United Kingdom
Google Maps Reviews API,Germany
Google Play Apps Product API,United States
Google Play Apps Product API,Canada
Google Play Apps Product API,France
Google Play Apps Product API,United Kingdom
Google Play Apps Product API,Germany
Google Play Apps Store API,United States
Google Play Apps Store API,Canada
Google Play Apps Store API,France
Google Play Apps Store API,United Kingdom
Google Play Apps Store API,Germany
Google Play Audiobooks Product API,United States
Google Play Audiobooks Product API,Canada
Google Play Audiobooks Product API,France
Google Play Audiobooks Product API,United Kingdom
Google Play Audiobooks Product API,Germany
Google Play Books Product API,United States
Google Play Books Product API,Canada
Google Play Books Product API,France
Google Play Books Product API,United Kingdom
Google Play Books Product API,Germany
Google Play Books Store API,United States
Google Play Books Store API,Canada
Google Play Books Store API,France
Google Play Books Store API,United Kingdom
Google Play Books Store API,Germany
Google Play Movies Product API,United States
Google Play Movies Product API,Canada
Google Play Movies Product API,France
Google Play Movies Product API,United Kingdom
Google Play Movies Product API,Germany
Google Play Movies Store API,United States
Google Play Movies Store API,Canada
Google Play Movies Store API,France
Google Play Movies Store API,United Kingdom
Google Play Movies Store API,Germany
Google Play Product API,United States
Google Play Product API,Canada
Google Play Product API,France
Google Play Product API,United Kingdom
Google Play Product API,Germany
Google Play Product Reviews API,United States
Google Play Product Reviews API,Canada
Google Play Product Reviews API,France
Google Play Product Reviews API,United Kingdom
Google Play Product Reviews API,Germany
Google Play Store API,United States
Google Play Store API,Canada
Google Play Store API,France
Google Play Store API,United Kingdom
Google Play Store API,Germany
Google Play TV Product API,United States
Google Play TV Product API,Canada
Google Play TV Product API,France
Google Play TV Product API,United Kingdom
Google Play TV Product API,Germany
Google Popular Destinations API,United States
Google Popular Destinations API,Canada
Google Popular Destinations API,France
Google Popular Destinations API,United Kingdom
Google Popular Destinations API,Germany
Google Product Result API,United States
Google Product Result API,Canada
Google Product Result API,France
Google Product Result API,United Kingdom
Google Product Result API,Germany
Google Recipes Results API,United States
Google Recipes Results API,Canada
Google Recipes Results API,France
Google Recipes Results API,United Kingdom
Google Recipes Results API,Germany
Google Refine By API,United States
Google Refine By API,Canada
Google Refine By API,France
Google Refine By API,United Kingdom
Google Refine By API,Germany
Google Scholar Author API,United States
Google Scholar Author API,Canada
Google Scholar Author API,France
Google Scholar Author API,United Kingdom
Google Scholar Author API,Germany
Google Scholar Author Articles API,United States
Google Scholar Author Articles API,Canada
Google Scholar Author Articles API,France
Google Scholar Author Articles API,United Kingdom
Google Scholar Author Articles API,Germany
Google Scholar Author Citation API,United States
Google Scholar Author Citation API,Canada
Google Scholar Author Citation API,France
Google Scholar Author Citation API,United Kingdom
Google Scholar Author Citation API,Germany
Google Scholar Author Cited By API,United States
Google Scholar Author Cited By API,Canada
Google Scholar Author Cited By API,France
Google Scholar Author Cited By API,United Kingdom
Google Scholar Author Cited By API,Germany
Google Scholar Co-Authors API,United States
Google Scholar Co-Authors API,Canada
Google Scholar Co-Authors API,France
Google Scholar Co-Authors API,United Kingdom
Google Scholar Co-Authors API,Germany
Google Scholar Profiles API,United States
Google Scholar Profiles API,Canada
Google Scholar Profiles API,France
Google Scholar Profiles API,United Kingdom
Google Scholar Profiles API,Germany
Google Shopping Filters Results Scraper API,United States
Google Shopping Filters Results Scraper API,Canada
Google Shopping Filters Results Scraper API,France
Google Shopping Filters Results Scraper API,United Kingdom
Google Shopping Filters Results Scraper API,Germany
Google Shopping Inline Shopping Results Scraper API,United States
Google Shopping Inline Shopping Results Scraper API,Canada
Google Shopping Inline Shopping Results Scraper API,France
Google Shopping Inline Shopping Results Scraper API,United Kingdom
Google Shopping Inline Shopping Results Scraper API,Germany
Google Shopping Nearby Shopping Results Scraper API,United States
Google Shopping Nearby Shopping Results Scraper API,Canada
Google Shopping Nearby Shopping Results Scraper API,France
Google Shopping Nearby Shopping Results Scraper API,United Kingdom
Google Shopping Nearby Shopping Results Scraper API,Germany
Google Shopping Related Shopping Results Scraper API,United States
Google Shopping Related Shopping Results Scraper API,Canada
Google Shopping Related Shopping Results Scraper API,France
Google Shopping Related Shopping Results Scraper API,United Kingdom
Google Shopping Related Shopping Results Scraper API,Germany
Google Shopping Results Scraper API,United States
Google Shopping Results Scraper API,Canada
Google Shopping Results Scraper API,France
Google Shopping Results Scraper API,United Kingdom
Google Shopping Results Scraper API,Germany
Google Shopping Search Results Scraper API,United States
Google Shopping Search Results Scraper API,Canada
Google Shopping Search Results Scraper API,France
Google Shopping Search Results Scraper API,United Kingdom
Google Shopping Search Results Scraper API,Germany
Google Shopping Various Block Results Scraper API,United States
Google Shopping Various Block Results Scraper API,Canada
Google Shopping Various Block Results Scraper API,France
Google Shopping Various Block Results Scraper API,United Kingdom
Google Shopping Various Block Results Scraper API,Germany
Google Short Videos API,United States
Google Short Videos API,Canada
Google Short Videos API,France
Google Short Videos API,United Kingdom
Google Short Videos API,Germany
Google Showtimes Results API,United States
Google Showtimes Results API,Canada
Google Showtimes Results API,France
Google Showtimes Results API,United Kingdom
Google Showtimes Results API,Germany
Google Sports Results API,United States
Google Sports Results API,Canada
Google Sports Results API,France
Google Sports Results API,United Kingdom
Google Sports Results API,Germany
Google Top Sights API,United States
Google Top Sights API,Canada
Google Top Sights API,France
Google Top Sights API,United Kingdom
Google Top Sights API,Germany
How does Google Pagination Work?,United States
How does Google Pagination Work?,Canada
How does Google Pagination Work?,France
How does Google Pagination Work?,United Kingdom
How does Google Pagination Work?,Germany
LinkedIn Profile API,United States
LinkedIn Profile API,Canada
LinkedIn Profile API,France
LinkedIn Profile API,United Kingdom
LinkedIn Profile API,Germany
Naver Ad Results API,United States
Naver Ad Results API,Canada
Naver Ad Results API,France
Naver Ad Results API,United Kingdom
Naver Ad Results API,Germany
Naver Images API,United States
Naver Images API,Canada
Naver Images API,France
Naver Images API,United Kingdom
Naver Images API,Germany
Naver Knowledge graph,United States
Naver Knowledge graph,Canada
Naver Knowledge graph,France
Naver Knowledge graph,United Kingdom
Naver Knowledge graph,Germany
Naver News Results,United States
Naver News Results,Canada
Naver News Results,France
Naver News Results,United Kingdom
Naver News Results,Germany
Naver Related results,United States
Naver Related results,Canada
Naver Related results,France
Naver Related results,United Kingdom
Naver Related results,Germany
Naver Search Engine Results API,United States
Naver Search Engine Results API,Canada
Naver Search Engine Results API,France
Naver Search Engine Results API,United Kingdom
Naver Search Engine Results API,Germany
Naver Video Results,United States
Naver Video Results,Canada
Naver Video Results,France
Naver Video Results,United Kingdom
Naver Video Results,Germany
Naver Web Organic Results,United States
Naver Web Organic Results,Canada
Naver Web Organic Results,France
Naver Web Organic Results,United Kingdom
Naver Web Organic Results,Germany
Scrape Apple App Store Reviews Scraper,United States
Scrape Apple App Store Reviews Scraper,Canada
Scrape Apple App Store Reviews Scraper,France
Scrape Apple App Store Reviews Scraper,United Kingdom
Scrape Apple App Store Reviews Scraper,Germany
Scrape Apple App Store Search Scraper,United States
Scrape Apple App Store Search Scraper,Canada
Scrape Apple App Store Search Scraper,France
Scrape Apple App Store Search Scraper,United Kingdom
Scrape Apple App Store Search Scraper,Germany
Scrape Apple Product Page Scraper,United States
Scrape Apple Product Page Scraper,Canada
Scrape Apple Product Page Scraper,France
Scrape Apple Product Page Scraper,United Kingdom
Scrape Apple Product Page Scraper,Germany
Scrape Baidu Answer Box,United States
Scrape Baidu Answer Box,Canada
Scrape Baidu Answer Box,France
Scrape Baidu Answer Box,United Kingdom
Scrape Baidu Answer Box,Germany
Scrape Baidu People Also Search For Results,United States
Scrape Baidu People Also Search For Results,Canada
Scrape Baidu People Also Search For Results,France
Scrape Baidu People Also Search For Results,United Kingdom
Scrape Baidu People Also Search For Results,Germany
Scrape Baidu Related Searches Results,United States
Scrape Baidu Related Searches Results,Canada
Scrape Baidu Related Searches Results,France
Scrape Baidu Related Searches Results,United Kingdom
Scrape Baidu Related Searches Results,Germany
Scrape Baidu Search Engine Results,United States
Scrape Baidu Search Engine Results,Canada
Scrape Baidu Search Engine Results,France
Scrape Baidu Search Engine Results,United Kingdom
Scrape Baidu Search Engine Results,Germany
Scrape Baidu Top Searches,United States
Scrape Baidu Top Searches,Canada
Scrape Baidu Top Searches,France
Scrape Baidu Top Searches,United Kingdom
Scrape Baidu Top Searches,Germany
Scrape Bing Answer Box,United States
Scrape Bing Answer Box,Canada
Scrape Bing Answer Box,France
Scrape Bing Answer Box,United Kingdom
Scrape Bing Answer Box,Germany
Scrape Bing News Engine Results,United States
Scrape Bing News Engine Results,Canada
Scrape Bing News Engine Results,France
Scrape Bing News Engine Results,United Kingdom
Scrape Bing News Engine Results,Germany
Scrape Bing Recipes Results,United States
Scrape Bing Recipes Results,Canada
Scrape Bing Recipes Results,France
Scrape Bing Recipes Results,United Kingdom
Scrape Bing Recipes Results,Germany
Scrape Bing Search Engine Results,United States
Scrape Bing Search Engine Results,Canada
Scrape Bing Search Engine Results,France
Scrape Bing Search Engine Results,United Kingdom
Scrape Bing Search Engine Results,Germany
Scrape DuckDuckGo Ad Results,United States
Scrape DuckDuckGo Ad Results,Canada
Scrape DuckDuckGo Ad Results,France
Scrape DuckDuckGo Ad Results,United Kingdom
Scrape DuckDuckGo Ad Results,Germany
Scrape DuckDuckGo Inline Images,United States
Scrape DuckDuckGo Inline Images,Canada
Scrape DuckDuckGo Inline Images,France
Scrape DuckDuckGo Inline Images,United Kingdom
Scrape DuckDuckGo Inline Images,Germany
Scrape DuckDuckGo Inline Videos,United States
Scrape DuckDuckGo Inline Videos,Canada
Scrape DuckDuckGo Inline Videos,France
Scrape DuckDuckGo Inline Videos,United Kingdom
Scrape DuckDuckGo Inline Videos,Germany
Scrape DuckDuckGo Knowledge Graph,United States
Scrape DuckDuckGo Knowledge Graph,Canada
Scrape DuckDuckGo Knowledge Graph,France
Scrape DuckDuckGo Knowledge Graph,United Kingdom
Scrape DuckDuckGo Knowledge Graph,Germany
Scrape DuckDuckGo News Results,United States
Scrape DuckDuckGo News Results,Canada
Scrape DuckDuckGo News Results,France
Scrape DuckDuckGo News Results,United Kingdom
Scrape DuckDuckGo News Results,Germany
Scrape DuckDuckGo Organic Results,United States
Scrape DuckDuckGo Organic Results,Canada
Scrape DuckDuckGo Organic Results,France
Scrape DuckDuckGo Organic Results,United Kingdom
Scrape DuckDuckGo Organic Results,Germany
Scrape DuckDuckGo Related Searches,United States
Scrape DuckDuckGo Related Searches,Canada
Scrape DuckDuckGo Related Searches,France
Scrape DuckDuckGo Related Searches,United Kingdom
Scrape DuckDuckGo Related Searches,Germany
Scrape DuckDuckGo Search Engine Results,United States
Scrape DuckDuckGo Search Engine Results,Canada
Scrape DuckDuckGo Search Engine Results,France
Scrape DuckDuckGo Search Engine Results,United Kingdom
Scrape DuckDuckGo Search Engine Results,Germany
Scrape Ebay Search Engine Results,United States
Scrape Ebay Search Engine Results,Canada
Scrape Ebay Search Engine Results,France
Scrape Ebay Search Engine Results,United Kingdom
Scrape Ebay Search Engine Results,Germany
Scrape Google Ad Results,United States
Scrape Google Ad Results,Canada
Scrape Google Ad Results,France
Scrape Google Ad Results,United Kingdom
Scrape Google Ad Results,Germany
Scrape Google Available On Results,United States
Scrape Google Available On Results,Canada
Scrape Google Available On Results,France
Scrape Google Available On Results,United Kingdom
Scrape Google Available On Results,Germany
Scrape Google Broaden Searches,United States
Scrape Google Broaden Searches,Canada
Scrape Google Broaden Searches,France
Scrape Google Broaden Searches,United Kingdom
Scrape Google Broaden Searches,Germany
"Scrape Google ""Discover More Places"" Results",United States
"Scrape Google ""Discover More Places"" Results",Canada
"Scrape Google ""Discover More Places"" Results",France
"Scrape Google ""Discover More Places"" Results",United Kingdom
"Scrape Google ""Discover More Places"" Results",Germany
Scrape Google Events,United States
Scrape Google Events,Canada
Scrape Google Events,France
Scrape Google Events,United Kingdom
Scrape Google Events,Germany
Scrape Google Inline People Also Search For Results,United States
Scrape Google Inline People Also Search For Results,Canada
Scrape Google Inline People Also Search For Results,France
Scrape Google Inline People Also Search For Results,United Kingdom
Scrape Google Inline People Also Search For Results,Germany
Scrape Google Inline Products,United States
Scrape Google Inline Products,Canada
Scrape Google Inline Products,France
Scrape Google Inline Products,United Kingdom
Scrape Google Inline Products,Germany
Scrape Google Inline Videos,United States
Scrape Google Inline Videos,Canada
Scrape Google Inline Videos,France
Scrape Google Inline Videos,United Kingdom
Scrape Google Inline Videos,Germany
Scrape Google Jobs,United States
Scrape Google Jobs,Canada
Scrape Google Jobs,France
Scrape Google Jobs,United Kingdom
Scrape Google Jobs,Germany
Scrape Google Jobs Listing Results,United States
Scrape Google Jobs Listing Results,Canada
Scrape Google Jobs Listing Results,France
Scrape Google Jobs Listing Results,United Kingdom
Scrape Google Jobs Listing Results,Germany
Scrape Google Local Ads Results,United States
Scrape Google Local Ads Results,Canada
Scrape Google Local Ads Results,France
Scrape Google Local Ads Results,United Kingdom
Scrape Google Local Ads Results,Germany
"Scrape Google Local ""Places"" Results",United States
"Scrape Google Local ""Places"" Results",Canada
"Scrape Google Local ""Places"" Results",France
"Scrape Google Local ""Places"" Results",United Kingdom
"Scrape Google Local ""Places"" Results",Germany
Scrape Google Local Services,United States
Scrape Google Local Services,Canada
Scrape Google Local Services,France
Scrape Google Local Services,United Kingdom
Scrape Google Local Services,Germany
Scrape Google Maps Photos,United States
Scrape Google Maps Photos,Canada
Scrape Google Maps Photos,France
Scrape Google Maps Photos,United Kingdom
Scrape Google Maps Photos,Germany
Scrape Google Maps Reviews,United States
Scrape Google Maps Reviews,Canada
Scrape Google Maps Reviews,France
Scrape Google Maps Reviews,United Kingdom
Scrape Google Maps Reviews,Germany
Scrape Google News Result,United States
Scrape Google News Result,Canada
Scrape Google News Result,France
Scrape Google News Result,United Kingdom
Scrape Google News Result,Germany
Scrape Google Organic Results,United States
Scrape Google Organic Results,Canada
Scrape Google Organic Results,France
Scrape Google Organic Results,United Kingdom
Scrape Google Organic Results,Germany
Scrape Google Play Apps Product,United States
Scrape Google Play Apps Product,Canada
Scrape Google Play Apps Product,France
Scrape Google Play Apps Product,United Kingdom
Scrape Google Play Apps Product,Germany
Scrape Google Play Apps Store,United States
Scrape Google Play Apps Store,Canada
Scrape Google Play Apps Store,France
Scrape Google Play Apps Store,United Kingdom
Scrape Google Play Apps Store,Germany
Scrape Google Play Audiobooks Product,United States
Scrape Google Play Audiobooks Product,Canada
Scrape Google Play Audiobooks Product,France
Scrape Google Play Audiobooks Product,United Kingdom
Scrape Google Play Audiobooks Product,Germany
Scrape Google Play Books Product,United States
Scrape Google Play Books Product,Canada
Scrape Google Play Books Product,France
Scrape Google Play Books Product,United Kingdom
Scrape Google Play Books Product,Germany
Scrape Google Play Books Store,United States
Scrape Google Play Books Store,Canada
Scrape Google Play Books Store,France
Scrape Google Play Books Store,United Kingdom
Scrape Google Play Books Store,Germany
Scrape Google Play Movies Product,United States
Scrape Google Play Movies Product,Canada
Scrape Google Play Movies Product,France
Scrape Google Play Movies Product,United Kingdom
Scrape Google Play Movies Product,Germany
Scrape Google Play Movies Store,United States
Scrape Google Play Movies Store,Canada
Scrape Google Play Movies Store,France
Scrape Google Play Movies Store,United Kingdom
Scrape Google Play Movies Store,Germany
Scrape Google Play Product,United States
Scrape Google Play Product,Canada
Scrape Google Play Product,France
Scrape Google Play Product,United Kingdom
Scrape Google Play Product,Germany
Scrape Google Play Product Reviews,United States
Scrape Google Play Product Reviews,Canada
Scrape Google Play Product Reviews,France
Scrape Google Play Product Reviews,United Kingdom
Scrape Google Play Product Reviews,Germany
Scrape Google Play Store,United States
Scrape Google Play Store,Canada
Scrape Google Play Store,France
Scrape Google Play Store,United Kingdom
Scrape Google Play Store,Germany
Scrape Google Play TV Product,United States
Scrape Google Play TV Product,Canada
Scrape Google Play TV Product,France
Scrape Google Play TV Product,United Kingdom
Scrape Google Play TV Product,Germany
Scrape Google Popular Destinations,United States
Scrape Google Popular Destinations,Canada
Scrape Google Popular Destinations,France
Scrape Google Popular Destinations,United Kingdom
Scrape Google Popular Destinations,Germany
Scrape Google Product Result,United States
Scrape Google Product Result,Canada
Scrape Google Product Result,France
Scrape Google Product Result,United Kingdom
Scrape Google Product Result,Germany
Scrape Google Recipes Results,United States
Scrape Google Recipes Results,Canada
Scrape Google Recipes Results,France
Scrape Google Recipes Results,United Kingdom
Scrape Google Recipes Results,Germany
Scrape Google Refine By,United States
Scrape Google Refine By,Canada
Scrape Google Refine By,France
Scrape Google Refine By,United Kingdom
Scrape Google Refine By,Germany
Scrape Google Reviews Results,United States
Scrape Google Reviews Results,Canada
Scrape Google Reviews Results,France
Scrape Google Reviews Results,United Kingdom
Scrape Google Reviews Results,Germany
Scrape Google Scholar Author,United States
Scrape Google Scholar Author,Canada
Scrape Google Scholar Author,France
Scrape Google Scholar Author,United Kingdom
Scrape Google Scholar Author,Germany
Scrape Google Scholar Author Articles,United States
Scrape Google Scholar Author Articles,Canada
Scrape Google Scholar Author Articles,France
Scrape Google Scholar Author Articles,United Kingdom
Scrape Google Scholar Author Articles,Germany
Scrape Google Scholar Author Citation,United States
Scrape Google Scholar Author Citation,Canada
Scrape Google Scholar Author Citation,France
Scrape Google Scholar Author Citation,United Kingdom
Scrape Google Scholar Author Citation,Germany
Scrape Google Scholar Author Cited By,United States
Scrape Google Scholar Author Cited By,Canada
Scrape Google Scholar Author Cited By,France
Scrape Google Scholar Author Cited By,United Kingdom
Scrape Google Scholar Author Cited By,Germany
Scrape Google Scholar Co-Authors,United States
Scrape Google Scholar Co-Authors,Canada
Scrape Google Scholar Co-Authors,France
Scrape Google Scholar Co-Authors,United Kingdom
Scrape Google Scholar Co-Authors,Germany
Scrape Google Scholar Organic Results,United States
Scrape Google Scholar Organic Results,Canada
Scrape Google Scholar Organic Results,France
Scrape Google Scholar Organic Results,United Kingdom
Scrape Google Scholar Organic Results,Germany
Scrape Google Scholar Profiles,United States
Scrape Google Scholar Profiles,Canada
Scrape Google Scholar Profiles,France
Scrape Google Scholar Profiles,United Kingdom
Scrape Google Scholar Profiles,Germany
Scrape Google Search Engine Results,United States
Scrape Google Search Engine Results,Canada
Scrape Google Search Engine Results,France
Scrape Google Search Engine Results,United Kingdom
Scrape Google Search Engine Results,Germany
Scrape Google Shopping Filters Results Scraper,United States
Scrape Google Shopping Filters Results Scraper,Canada
Scrape Google Shopping Filters Results Scraper,France
Scrape Google Shopping Filters Results Scraper,United Kingdom
Scrape Google Shopping Filters Results Scraper,Germany
Scrape Google Shopping Inline Shopping Results Scraper,United States
Scrape Google Shopping Inline Shopping Results Scraper,Canada
Scrape Google Shopping Inline Shopping Results Scraper,France
Scrape Google Shopping Inline Shopping Results Scraper,United Kingdom
Scrape Google Shopping Inline Shopping Results Scraper,Germany
Scrape Google Shopping Nearby Shopping Results Scraper,United States
Scrape Google Shopping Nearby Shopping Results Scraper,Canada
Scrape Google Shopping Nearby Shopping Results Scraper,France
Scrape Google Shopping Nearby Shopping Results Scraper,United Kingdom
Scrape Google Shopping Nearby Shopping Results Scraper,Germany
Scrape Google Shopping Related Shopping Results Scraper,United States
Scrape Google Shopping Related Shopping Results Scraper,Canada
Scrape Google Shopping Related Shopping Results Scraper,France
Scrape Google Shopping Related Shopping Results Scraper,United Kingdom
Scrape Google Shopping Related Shopping Results Scraper,Germany
Scrape Google Shopping Results Scraper,United States
Scrape Google Shopping Results Scraper,Canada
Scrape Google Shopping Results Scraper,France
Scrape Google Shopping Results Scraper,United Kingdom
Scrape Google Shopping Results Scraper,Germany
Scrape Google Shopping Search Results Scraper,United States
Scrape Google Shopping Search Results Scraper,Canada
Scrape Google Shopping Search Results Scraper,France
Scrape Google Shopping Search Results Scraper,United Kingdom
Scrape Google Shopping Search Results Scraper,Germany
Scrape Google Shopping Various Block Results Scraper,United States
Scrape Google Shopping Various Block Results Scraper,Canada
Scrape Google Shopping Various Block Results Scraper,France
Scrape Google Shopping Various Block Results Scraper,United Kingdom
Scrape Google Shopping Various Block Results Scraper,Germany
Scrape Google Short Videos,United States
Scrape Google Short Videos,Canada
Scrape Google Short Videos,France
Scrape Google Short Videos,United Kingdom
Scrape Google Short Videos,Germany
Scrape Google Showtimes Results,United States
Scrape Google Showtimes Results,Canada
Scrape Google Showtimes Results,France
Scrape Google Showtimes Results,United Kingdom
Scrape Google Showtimes Results,Germany
Scrape Google Sports Results,United States
Scrape Google Sports Results,Canada
Scrape Google Sports Results,France
Scrape Google Sports Results,United Kingdom
Scrape Google Sports Results,Germany
Scrape Google Top Sights,United States
Scrape Google Top Sights,Canada
Scrape Google Top Sights,France
Scrape Google Top Sights,United Kingdom
Scrape Google Top Sights,Germany
Scrape LinkedIn Profile,United States
Scrape LinkedIn Profile,Canada
Scrape LinkedIn Profile,France
Scrape LinkedIn Profile,United Kingdom
Scrape LinkedIn Profile,Germany
Scrape Naver Ad Results,United States
Scrape Naver Ad Results,Canada
Scrape Naver Ad Results,France
Scrape Naver Ad Results,United Kingdom
Scrape Naver Ad Results,Germany
Scrape Naver Images,United States
Scrape Naver Images,Canada
Scrape Naver Images,France
Scrape Naver Images,United Kingdom
Scrape Naver Images,Germany
Scrape Naver Search Engine Results,United States
Scrape Naver Search Engine Results,Canada
Scrape Naver Search Engine Results,France
Scrape Naver Search Engine Results,United Kingdom
Scrape Naver Search Engine Results,Germany
Scrape Search Archive,United States
Scrape Search Archive,Canada
Scrape Search Archive,France
Scrape Search Archive,United Kingdom
Scrape Search Archive,Germany
Scrape The Home Depot Product,United States
Scrape The Home Depot Product,Canada
Scrape The Home Depot Product,France
Scrape The Home Depot Product,United Kingdom
Scrape The Home Depot Product,Germany
Scrape The Home Depot Search Engine Results,United States
Scrape The Home Depot Search Engine Results,Canada
Scrape The Home Depot Search Engine Results,France
Scrape The Home Depot Search Engine Results,United Kingdom
Scrape The Home Depot Search Engine Results,Germany
Scrape The Home Depot Search Filtering,United States
Scrape The Home Depot Search Filtering,Canada
Scrape The Home Depot Search Filtering,France
Scrape The Home Depot Search Filtering,United Kingdom
Scrape The Home Depot Search Filtering,Germany
Scrape The Home Depot Search Price Bound,United States
Scrape The Home Depot Search Price Bound,Canada
Scrape The Home Depot Search Price Bound,France
Scrape The Home Depot Search Price Bound,United Kingdom
Scrape The Home Depot Search Price Bound,Germany
Scrape The Home Depot Search Sorting,United States
Scrape The Home Depot Search Sorting,Canada
Scrape The Home Depot Search Sorting,France
Scrape The Home Depot Search Sorting,United Kingdom
Scrape The Home Depot Search Sorting,Germany
Scrape The Home Depot Search Spell Check,United States
Scrape The Home Depot Search Spell Check,Canada
Scrape The Home Depot Search Spell Check,France
Scrape The Home Depot Search Spell Check,United Kingdom
Scrape The Home Depot Search Spell Check,Germany
Scrape Yahoo! Search Engine Results,United States
Scrape Yahoo! Search Engine Results,Canada
Scrape Yahoo! Search Engine Results,France
Scrape Yahoo! Search Engine Results,United Kingdom
Scrape Yahoo! Search Engine Results,Germany
Scrape Yahoo! Shopping Search Engine Results,United States
Scrape Yahoo! Shopping Search Engine Results,Canada
Scrape Yahoo! Shopping Search Engine Results,France
Scrape Yahoo! Shopping Search Engine Results,United Kingdom
Scrape Yahoo! Shopping Search Engine Results,Germany
Scrape Yahoo! Shopping Search Filtering,United States
Scrape Yahoo! Shopping Search Filtering,Canada
Scrape Yahoo! Shopping Search Filtering,France
Scrape Yahoo! Shopping Search Filtering,United Kingdom
Scrape Yahoo! Shopping Search Filtering,Germany
Scrape Yahoo! Shopping Search Price Bound,United States
Scrape Yahoo! Shopping Search Price Bound,Canada
Scrape Yahoo! Shopping Search Price Bound,France
Scrape Yahoo! Shopping Search Price Bound,United Kingdom
Scrape Yahoo! Shopping Search Price Bound,Germany
Scrape Yahoo! Shopping Search Sorting,United States
Scrape Yahoo! Shopping Search Sorting,Canada
Scrape Yahoo! Shopping Search Sorting,France
Scrape Yahoo! Shopping Search Sorting,United Kingdom
Scrape Yahoo! Shopping Search Sorting,Germany
Scrape Yandex Images,United States
Scrape Yandex Images,Canada
Scrape Yandex Images,France
Scrape Yandex Images,United Kingdom
Scrape Yandex Images,Germany
Scrape Yandex Search Engine Results,United States
Scrape Yandex Search Engine Results,Canada
Scrape Yandex Search Engine Results,France
Scrape Yandex Search Engine Results,United Kingdom
Scrape Yandex Search Engine Results,Germany
Scrape YouTube Category Results,United States
Scrape YouTube Category Results,Canada
Scrape YouTube Category Results,France
Scrape YouTube Category Results,United Kingdom
Scrape YouTube Category Results,Germany
Scrape YouTube Search Engine Results,United States
Scrape YouTube Search Engine Results,Canada
Scrape YouTube Search Engine Results,France
Scrape YouTube Search Engine Results,United Kingdom
Scrape YouTube Search Engine Results,Germany
The Home Depot Product API,United States
The Home Depot Product API,Canada
The Home Depot Product API,France
The Home Depot Product API,United Kingdom
The Home Depot Product API,Germany
The Home Depot Search API Filtering,United States
The Home Depot Search API Filtering,Canada
The Home Depot Search API Filtering,France
The Home Depot Search API Filtering,United Kingdom
The Home Depot Search API Filtering,Germany
The Home Depot Search API Price Bound,United States
The Home Depot Search API Price Bound,Canada
The Home Depot Search API Price Bound,France
The Home Depot Search API Price Bound,United Kingdom
The Home Depot Search API Price Bound,Germany
The Home Depot Search API Sorting,United States
The Home Depot Search API Sorting,Canada
The Home Depot Search API Sorting,France
The Home Depot Search API Sorting,United Kingdom
The Home Depot Search API Sorting,Germany
The Home Depot Search API Spell Check,United States
The Home Depot Search API Spell Check,Canada
The Home Depot Search API Spell Check,France
The Home Depot Search API Spell Check,United Kingdom
The Home Depot Search API Spell Check,Germany
The Home Depot Search Engine Results API,United States
The Home Depot Search Engine Results API,Canada
The Home Depot Search Engine Results API,France
The Home Depot Search Engine Results API,United Kingdom
The Home Depot Search Engine Results API,Germany
Yahoo! Shopping Search API Filtering,United States
Yahoo! Shopping Search API Filtering,Canada
Yahoo! Shopping Search API Filtering,France
Yahoo! Shopping Search API Filtering,United Kingdom
Yahoo! Shopping Search API Filtering,Germany
Yahoo! Shopping Search API Price Bound,United States
Yahoo! Shopping Search API Price Bound,Canada
Yahoo! Shopping Search API Price Bound,France
Yahoo! Shopping Search API Price Bound,United Kingdom
Yahoo! Shopping Search API Price Bound,Germany
Yahoo! Shopping Search API Sorting,United States
Yahoo! Shopping Search API Sorting,Canada
Yahoo! Shopping Search API Sorting,France
Yahoo! Shopping Search API Sorting,United Kingdom
Yahoo! Shopping Search API Sorting,Germany
Yahoo! Shopping Search Engine Results API,United States
Yahoo! Shopping Search Engine Results API,Canada
Yahoo! Shopping Search Engine Results API,France
Yahoo! Shopping Search Engine Results API,United Kingdom
Yahoo! Shopping Search Engine Results API,Germany
Yandex Images API,United States
Yandex Images API,Canada
Yandex Images API,France
Yandex Images API,United Kingdom
Yandex Images API,Germany
YouTube Category Results API,United States
YouTube Category Results API,Canada
YouTube Category Results API,France
YouTube Category Results API,United Kingdom
YouTube Category Results API,Germany
How to get product specifications?,United States
How to get product specs?,Canada
Scrape Google Search Results,France
Scrape Google SERP,United Kingdom
Scrape Google Search Engine,Germany
Scrape Google,United States
Google Patents API,Canada
Google Patents API,France
Google Patents API,United Kingdom
Google Patents API,Germany
Google Patents API,United States
Google Hotels API,Canada
Google Hotels API,France
Google Hotels API,United Kingdom
Google Hotels API,Germany
Google Hotels API,United States
Google Flights API,Canada
Google Flights API,France
Google Flights API,United Kingdom
Google Flights API,Germany
Google Flights API,United States
Google Finance API,Canada
Google Finance API,France
Google Finance API,United Kingdom
Google Finance API,Germany
Google Finance API,Germany
Google Directions API,United States
Google Directions API,Canada
Google Directions API,France
Google Directions API,United Kingdom
Google Directions API,Germany
Google Maps Directions API,United States
Google Maps Directions API,Canada
Google Maps Directions API,France
Google Maps Directions API,United Kingdom
Google Maps Directions API,Germany
Google Search Scraper,United States
Google Search Scraper,Canada
Google Search Scraper,France
Google Search Scraper,United Kingdom
Google Search Scraper,Germany
Google Jobs Scraper,United States
Google Jobs Scraper,Canada
Google Jobs Scraper,France
Google Jobs Scraper,United Kingdom
Google Jobs Scraper,Germany
Google Shopping Scraper,United States
Google Shopping Scraper,Canada
Google Shopping Scraper,France
Google Shopping Scraper,United Kingdom
Google Shopping Scraper,Germany
Google News Scraper,United States
Google News Scraper,Canada
Google News Scraper,France
Google News Scraper,United Kingdom
Google News Scraper,Germany
Google Scholar Scraper,United States
Google Scholar Scraper,Canada
Google Scholar Scraper,France
Google Scholar Scraper,United Kingdom
Google Scholar Scraper,Germany
Google Images Scraper,United States
Google Images Scraper,Canada
Google Images Scraper,France
Google Images Scraper,United Kingdom
Google Images Scraper,Germany
Google Videos Scraper,United States
Google Videos Scraper,Canada
Google Videos Scraper,France
Google Videos Scraper,United Kingdom
Google Videos Scraper,Germany
Google Lengs Scraper,United States
Google Lengs Scraper,Canada
Google Lengs Scraper,France
Google Lengs Scraper,United Kingdom
Google Lengs Scraper,Germany
Google Trending Scraper,United States
Google Trending Scraper,Canada
Google Trending Scraper,France
Google Trending Scraper,United Kingdom
Google Trending Scraper,Germany
Bing Scraper,United States
Bing Scraper,Canada
Bing Scraper,France
Bing Scraper,United Kingdom
Bing Scraper,Germany
Bing Images Scraper,United States
Bing Images Scraper,Canada
Bing Images Scraper,France
Bing Images Scraper,United Kingdom
Bing Images Scraper,Germany
Bing Videos Scraper,United States
Bing Videos Scraper,Canada
Bing Videos Scraper,France
Bing Videos Scraper,United Kingdom
Bing Videos Scraper,Germany
Yahoo Scraper,United States
Yahoo Scraper,Canada
Yahoo Scraper,France
Yahoo Scraper,United Kingdom
Yahoo Scraper,Germany
Yahoo Images Scraper,United States
Yahoo Images Scraper,Canada
Yahoo Images Scraper,France
Yahoo Images Scraper,United Kingdom
Yahoo Images Scraper,Germany
Yahoo Videos Scraper,United States
Yahoo Videos Scraper,Canada
Yahoo Videos Scraper,France
Yahoo Videos Scraper,United Kingdom
Yahoo Videos Scraper,Germany
Walmart Scraper,United States
Walmart Scraper,Canada
Walmart Scraper,France
Walmart Scraper,United Kingdom
Walmart Scraper,Germany
Yelp Scraper,United States
Yelp Scraper,Canada
Yelp Scraper,France
Yelp Scraper,United Kingdom
Yelp Scraper,Germany
Home Depot Scraper,United States
Home Depot Scraper,Canada
Home Depot Scraper,France
Home Depot Scraper,United Kingdom
Home Depot Scraper,Germany
Youtube Scraper,United States
Youtube Scraper,Canada
Youtube Scraper,France
Youtube Scraper,United Kingdom
Youtube Scraper,Germany
Google Play Scraper,United States
Google Play Scraper,Canada
Google Play Scraper,France
Google Play Scraper,United Kingdom
Google Play Scraper,Germany
Apple Store Scraper,United States
Apple Store Scraper,Canada
Apple Store Scraper,France
Apple Store Scraper,United Kingdom
Apple Store Scraper,Germany